Nationality;Periods;TotalResidencePermitsAsylum_1;RefugeeStatusBeneficiaryStatus_2;HumanitarianReasons_3;TotalOrdinaryResidencePermit_4;TotalFamilyReunificationFormation_5;HusbandWife_6;ChildUnder18_7;OtherFamilyReunification_8;Study_9;TotalLabour_10;HighlySkilledMigrantBlueCardHolder_11;Researcher_12;OtherLabour_13;VictimOfHumanTrade_14;OtherOrdinary_15;SinglePermitGVVA_16
T001059  ;2008JJ00;6090;       .;       .;56495;24085;11650;9770;2665;8850;11615;6410;865;4340;0;11945;
T001059  ;2009JJ00;8490;4475;4015;48000;23080;11195;8860;3020;9945;10435;4895;1305;4235;0;4545;
T001059  ;2010JJ00;8680;5300;3380;45800;21565;10905;8100;2560;10510;10450;5530;1485;3430;0;3275;
T001059  ;2011JJ00;8380;6040;2345;46690;22325;11730;8220;2375;10700;10960;5595;1615;3750;340;2365;
T001059  ;2012JJ00;5920;4315;1605;45240;21160;10015;8540;2605;10745;10920;5515;1690;3715;320;2095;
T001059  ;2013JJ00;9545;4695;4850;55195;25375;12255;11065;2055;12880;12675;7045;2365;3260;210;4055;
T001059  ;2014JJ00;18620;12465;6155;50950;22115;11520;9505;1090;12745;11780;7130;2310;2340;180;4125;545
T001059  ;2015JJ00;31085;16895;14190;55605;21685;11075;9210;1395;15265;13310;7930;2420;2960;135;5215;1160
T001059  ;2016JJ00;34250;21990;12260;61505;24960;12590;10600;1770;16315;14620;9125;2520;2975;120;5485;935
T001059  ;2017JJ00;25815;10565;15250;71580;30970;13735;12340;4890;17240;17745;11310;2750;3685;155;5480;1785
T001059  ;2018JJ00;12445;5335;7110;79620;34035;15265;13770;5005;18470;20885;13510;3065;4310;290;5940;2050
T001059  ;2019JJ00;11890;6940;4950;90240;38655;17045;15655;5955;20180;22030;14335;3240;4455;385;8995;2590
T001059  ;2020JJ00;14045;9200;4850;59465;28870;12585;11690;4595;11645;13345;8170;2430;2745;155;5445;2935
NAT9278  ;2008JJ00;200;0;0;625;325;180;120;20;5;5;0;0;5;0;290;
NAT9278  ;2009JJ00;320;210;115;580;300;200;80;15;25;5;0;0;0;0;255;
NAT9278  ;2010JJ00;755;520;235;390;300;190;100;10;40;0;0;0;0;0;55;
NAT9278  ;2011JJ00;1375;920;450;310;265;170;85;15;25;0;0;0;0;0;20;
NAT9278  ;2012JJ00;705;460;245;275;235;105;110;20;10;5;0;0;5;0;25;
NAT9278  ;2013JJ00;715;415;300;420;355;190;105;60;20;5;0;0;0;0;40;
NAT9278  ;2014JJ00;585;400;185;340;305;175;90;45;10;0;0;0;0;0;25;
NAT9278  ;2015JJ00;500;355;145;345;280;150;80;50;20;5;0;0;0;0;40;
NAT9278  ;2016JJ00;700;530;175;370;320;185;90;50;15;0;0;0;0;0;35;
NAT9278  ;2017JJ00;880;635;245;425;355;145;85;120;15;0;0;0;0;0;55;
NAT9278  ;2018JJ00;630;305;325;675;585;235;90;260;20;0;0;0;0;0;70;
NAT9278  ;2019JJ00;360;195;165;590;465;170;120;175;10;5;5;0;0;0;110;
NAT9278  ;2020JJ00;375;230;150;425;375;165;100;115;20;5;0;0;0;0;25;
NAT9279  ;2008JJ00;0;0;0;125;60;20;5;35;25;10;10;0;0;0;30;
NAT9279  ;2009JJ00;0;0;0;125;70;15;5;50;40;5;5;0;0;0;5;
NAT9279  ;2010JJ00;0;0;0;105;55;15;5;35;35;5;5;0;0;0;5;
NAT9279  ;2011JJ00;0;0;0;85;45;10;5;25;40;5;0;5;0;0;0;
NAT9279  ;2012JJ00;0;0;0;120;55;15;5;40;55;10;5;5;0;0;0;
NAT9279  ;2013JJ00;0;0;0;155;75;25;35;15;50;10;5;5;0;0;15;
NAT9279  ;2014JJ00;0;0;0;175;40;20;15;10;80;15;10;5;5;0;35;
NAT9279  ;2015JJ00;5;0;5;180;25;20;0;5;75;15;10;0;5;5;60;
NAT9279  ;2016JJ00;5;0;0;235;45;20;15;10;105;20;15;0;5;0;60;
NAT9279  ;2017JJ00;0;0;0;255;65;25;15;25;95;35;25;5;5;0;60;
NAT9279  ;2018JJ00;5;0;0;265;75;40;20;15;85;35;25;5;5;0;75;
NAT9279  ;2019JJ00;5;5;5;350;120;60;35;30;95;45;30;0;15;0;90;
NAT9279  ;2020JJ00;0;0;0;245;80;35;25;20;85;25;15;5;5;0;55;
NAT9280  ;2008JJ00;0;0;0;255;50;25;10;15;0;15;10;0;0;0;190;
NAT9280  ;2009JJ00;0;0;0;100;55;35;10;10;0;10;5;5;0;0;35;
NAT9280  ;2010JJ00;0;0;0;70;50;30;5;15;5;5;5;0;0;0;10;
NAT9280  ;2011JJ00;0;0;0;75;50;20;20;10;0;15;15;0;0;0;5;
NAT9280  ;2012JJ00;0;0;0;65;50;25;15;10;5;10;10;0;0;0;0;
NAT9280  ;2013JJ00;5;0;0;85;60;30;25;5;5;10;10;5;0;0;5;
NAT9280  ;2014JJ00;5;5;0;70;45;30;15;5;0;15;10;5;0;0;10;
NAT9280  ;2015JJ00;10;0;10;60;30;25;10;0;10;10;5;0;5;0;10;
NAT9280  ;2016JJ00;5;0;5;70;40;20;15;5;10;10;10;5;0;0;10;
NAT9280  ;2017JJ00;5;5;0;100;60;30;20;10;10;10;5;5;0;0;20;
NAT9280  ;2018JJ00;10;5;0;90;50;30;5;10;10;15;10;5;0;0;15;
NAT9280  ;2019JJ00;0;0;0;125;75;30;20;25;5;25;10;5;10;0;25;
NAT9280  ;2020JJ00;5;5;0;105;75;40;10;25;5;10;10;0;0;0;10;
NAT9281  ;2008JJ00;0;0;0;4410;1750;775;770;205;1085;1385;840;45;505;0;190;
NAT9281  ;2009JJ00;0;0;0;4035;1485;730;595;160;1285;1120;705;75;340;0;145;
NAT9281  ;2010JJ00;0;0;0;4160;1430;710;565;155;1290;1290;795;85;405;0;150;
NAT9281  ;2011JJ00;0;0;0;4375;1630;795;665;165;1440;1150;790;85;275;0;155;
NAT9281  ;2012JJ00;0;0;0;4470;1715;785;765;170;1320;1325;830;90;405;0;110;
NAT9281  ;2013JJ00;0;0;0;4800;1735;820;870;50;1445;1475;885;125;465;0;140;
NAT9281  ;2014JJ00;0;0;0;4925;1800;945;810;50;1420;1550;945;105;500;0;155;
NAT9281  ;2015JJ00;5;0;5;5795;1795;940;810;50;1940;1800;1035;155;615;0;260;
NAT9281  ;2016JJ00;0;0;0;5860;1775;915;800;60;2120;1715;980;125;605;0;255;
NAT9281  ;2017JJ00;5;0;5;6495;2055;1095;880;80;2145;2065;1235;180;650;0;230;
NAT9281  ;2018JJ00;10;0;10;6950;2115;1120;895;100;2395;2140;1340;190;610;0;295;
NAT9281  ;2019JJ00;15;5;10;7405;2290;1175;965;150;2510;2200;1305;170;725;0;405;
NAT9281  ;2020JJ00;15;10;5;4285;1760;1020;655;85;850;1435;850;125;465;0;235;
NAT9283  ;2008JJ00;10;0;0;480;55;15;25;10;0;0;0;0;0;0;425;
NAT9283  ;2009JJ00;25;15;10;165;55;15;20;20;0;10;5;0;0;0;100;
NAT9283  ;2010JJ00;15;5;10;90;50;5;20;25;0;0;0;0;0;0;40;
NAT9283  ;2011JJ00;5;5;0;60;30;5;15;10;5;0;0;0;0;15;10;
NAT9283  ;2012JJ00;5;0;0;50;30;10;15;10;0;0;0;0;0;10;5;
NAT9283  ;2013JJ00;0;0;0;110;70;5;30;35;0;0;0;0;0;5;30;
NAT9283  ;2014JJ00;5;0;0;75;50;15;20;15;0;0;0;0;0;5;20;
NAT9283  ;2015JJ00;0;0;0;45;30;5;20;5;5;0;0;0;0;0;10;
NAT9283  ;2016JJ00;0;0;0;40;20;5;10;5;0;0;0;0;0;0;15;
NAT9283  ;2017JJ00;0;0;0;50;35;5;10;20;0;0;0;0;0;5;10;
NAT9283  ;2018JJ00;0;0;0;45;35;5;10;15;0;0;0;0;0;5;5;
NAT9283  ;2019JJ00;0;0;0;55;40;0;20;20;0;0;0;0;0;0;10;
NAT9283  ;2020JJ00;0;0;0;45;30;5;15;15;0;0;0;0;0;0;15;
NAT9285  ;2008JJ00;0;0;0;170;75;30;10;30;25;50;40;0;10;0;20;
NAT9285  ;2009JJ00;0;0;0;155;55;30;10;15;30;50;25;5;20;0;25;
NAT9285  ;2010JJ00;0;0;0;155;45;30;5;15;35;50;25;10;20;0;20;
NAT9285  ;2011JJ00;0;0;0;170;65;30;15;20;35;40;20;10;10;0;25;
NAT9285  ;2012JJ00;0;0;0;150;55;25;10;20;30;40;20;10;10;0;20;
NAT9285  ;2013JJ00;0;0;0;260;105;50;50;5;50;75;50;10;10;0;30;
NAT9285  ;2014JJ00;0;0;0;190;60;45;10;0;35;60;25;15;20;0;35;
NAT9285  ;2015JJ00;0;0;0;205;60;35;20;5;45;65;30;5;30;0;40;
NAT9285  ;2016JJ00;0;0;0;255;70;45;10;10;60;80;45;5;30;0;45;
NAT9285  ;2017JJ00;0;0;0;380;75;55;10;10;80;90;45;10;30;0;135;
NAT9285  ;2018JJ00;0;0;0;405;80;50;20;10;85;90;55;5;30;0;150;
NAT9285  ;2019JJ00;0;0;0;515;135;80;35;15;60;135;95;20;25;0;185;
NAT9285  ;2020JJ00;0;0;0;285;100;50;25;25;25;85;55;15;15;0;75;
NAT9286  ;2008JJ00;25;0;0;290;60;40;15;5;10;10;5;0;0;0;210;
NAT9286  ;2009JJ00;80;30;50;115;70;40;15;15;15;10;10;0;0;0;25;
NAT9286  ;2010JJ00;165;85;75;105;75;45;20;15;15;5;0;0;0;0;10;
NAT9286  ;2011JJ00;75;40;35;120;90;55;30;10;15;5;5;0;0;0;10;
NAT9286  ;2012JJ00;35;15;20;150;110;60;25;20;20;10;5;0;5;5;10;
NAT9286  ;2013JJ00;15;10;10;300;230;60;75;95;10;5;0;0;5;5;45;
NAT9286  ;2014JJ00;20;5;15;175;130;65;55;10;25;5;5;0;5;0;15;
NAT9286  ;2015JJ00;20;15;5;175;120;65;40;10;15;10;5;5;0;5;30;
NAT9286  ;2016JJ00;20;10;10;175;115;60;40;20;15;10;5;0;0;0;30;
NAT9286  ;2017JJ00;15;10;5;160;105;45;35;25;10;15;10;0;5;0;30;
NAT9286  ;2018JJ00;5;5;0;190;120;55;35;30;15;10;10;0;0;5;40;
NAT9286  ;2019JJ00;10;5;5;535;150;60;55;35;10;10;5;5;0;0;365;
NAT9286  ;2020JJ00;5;5;0;145;75;30;30;20;25;10;5;0;0;0;35;
NAT9287  ;2008JJ00;0;0;0;955;230;115;65;50;160;210;160;10;40;0;355;
NAT9287  ;2009JJ00;0;0;0;870;175;80;55;40;130;185;150;0;35;0;380;
NAT9287  ;2010JJ00;0;0;0;995;190;95;55;40;115;185;140;10;30;0;505;
NAT9287  ;2011JJ00;0;0;0;870;210;105;55;45;120;150;125;10;15;0;390;
NAT9287  ;2012JJ00;0;0;0;810;195;100;50;45;105;135;105;5;20;0;380;
NAT9287  ;2013JJ00;0;0;0;1105;165;80;80;5;115;180;140;15;25;0;645;
NAT9287  ;2014JJ00;0;0;0;1190;230;140;80;15;125;200;155;20;25;0;630;
NAT9287  ;2015JJ00;0;0;0;1450;215;135;70;10;180;205;160;20;25;0;850;
NAT9287  ;2016JJ00;0;0;0;1505;235;145;70;15;230;225;160;35;30;0;820;
NAT9287  ;2017JJ00;0;0;0;1530;215;130;60;30;250;225;170;25;25;0;845;
NAT9287  ;2018JJ00;0;0;0;1745;290;170;90;30;310;285;220;35;30;0;860;
NAT9287  ;2019JJ00;0;0;0;1805;315;175;100;35;340;345;270;40;35;0;805;
NAT9287  ;2020JJ00;0;0;0;835;250;140;75;35;55;200;155;15;30;0;330;
NAT9288  ;2008JJ00;25;0;0;425;35;15;5;15;15;5;5;0;0;0;365;
NAT9288  ;2009JJ00;60;25;35;85;30;10;10;10;20;0;0;0;0;0;35;
NAT9288  ;2010JJ00;65;45;20;75;25;10;5;10;30;5;0;0;5;0;15;
NAT9288  ;2011JJ00;40;15;25;90;40;20;10;10;40;5;5;0;0;0;5;
NAT9288  ;2012JJ00;15;10;5;90;25;10;10;10;35;15;0;0;10;5;15;
NAT9288  ;2013JJ00;20;15;5;170;80;20;20;40;45;15;15;0;0;0;30;
NAT9288  ;2014JJ00;10;10;5;125;35;20;15;0;50;5;5;0;0;0;25;
NAT9288  ;2015JJ00;15;15;0;105;30;10;15;0;45;10;5;0;5;0;20;
NAT9288  ;2016JJ00;5;5;0;150;60;30;20;10;65;10;5;0;0;0;20;
NAT9288  ;2017JJ00;5;5;0;115;40;20;15;5;45;20;15;0;5;0;5;
NAT9288  ;2018JJ00;10;10;0;175;70;40;25;5;55;40;25;0;15;0;10;
NAT9288  ;2019JJ00;15;10;5;305;75;35;35;5;95;90;25;5;65;0;40;
NAT9288  ;2020JJ00;20;10;10;225;70;20;30;15;65;70;20;5;45;0;15;
NAT9294  ;2008JJ00;0;0;0;105;30;20;5;5;35;15;10;0;5;0;25;
NAT9294  ;2009JJ00;0;0;0;115;30;20;10;0;55;15;10;0;5;0;15;
NAT9294  ;2010JJ00;5;5;0;125;55;30;25;0;45;20;10;5;0;0;5;
NAT9294  ;2011JJ00;5;0;0;125;50;30;15;5;55;20;15;5;0;0;0;
NAT9294  ;2012JJ00;5;5;0;130;45;30;15;0;50;35;20;10;5;0;0;
NAT9294  ;2013JJ00;10;5;10;180;70;30;40;5;80;25;10;10;5;0;5;
NAT9294  ;2014JJ00;5;5;0;135;45;25;15;0;50;40;15;25;0;0;0;
NAT9294  ;2015JJ00;5;0;5;235;55;35;20;0;110;60;35;15;10;0;10;
NAT9294  ;2016JJ00;10;10;0;315;65;40;25;0;200;40;15;20;5;0;15;
NAT9294  ;2017JJ00;5;5;0;265;80;40;15;20;145;25;15;10;5;0;15;
NAT9294  ;2018JJ00;0;0;0;230;70;45;25;5;80;50;25;15;10;0;30;
NAT9294  ;2019JJ00;5;5;0;380;100;45;40;15;215;50;15;15;20;0;15;
NAT9294  ;2020JJ00;5;0;0;400;90;55;30;5;265;40;15;15;10;0;10;
NAT9296  ;2008JJ00;35;0;0;30;0;0;0;0;25;0;0;0;0;0;5;
NAT9296  ;2009JJ00;45;25;25;45;0;0;0;0;45;0;0;0;0;0;0;
NAT9296  ;2010JJ00;45;25;20;35;0;0;0;0;35;0;0;0;0;0;0;
NAT9296  ;2011JJ00;55;40;15;20;0;0;0;0;20;0;0;0;0;0;0;
NAT9296  ;2012JJ00;0;0;0;15;0;0;0;0;15;0;0;0;0;0;0;
NAT9296  ;2013JJ00;0;0;0;25;5;0;0;0;20;0;0;0;0;0;0;
NAT9296  ;2014JJ00;0;0;0;15;0;0;0;0;10;0;0;0;0;0;0;
NAT9296  ;2015JJ00;0;0;0;20;0;0;0;0;20;0;0;0;0;0;0;
NAT9296  ;2016JJ00;0;0;0;10;0;0;0;0;5;0;0;0;0;0;0;
NAT9296  ;2017JJ00;0;0;0;10;5;0;0;0;5;0;0;0;0;0;0;
NAT9296  ;2018JJ00;0;0;0;25;0;0;0;0;20;0;0;0;0;0;5;
NAT9296  ;2019JJ00;0;0;0;10;0;0;0;0;10;0;0;0;0;0;0;
NAT9296  ;2020JJ00;0;0;0;5;0;0;0;0;5;0;0;0;0;0;0;
NAT9297  ;2008JJ00;0;0;0;65;30;20;5;5;20;10;0;5;5;0;0;
NAT9297  ;2009JJ00;0;0;0;60;25;15;0;5;25;10;5;5;0;0;5;
NAT9297  ;2010JJ00;0;0;0;55;20;10;0;10;20;10;0;5;5;0;5;
NAT9297  ;2011JJ00;0;0;0;40;15;5;5;5;20;5;0;5;5;0;0;
NAT9297  ;2012JJ00;0;0;0;40;15;10;0;5;20;5;0;0;5;0;0;
NAT9297  ;2013JJ00;0;0;0;45;20;15;0;5;15;5;0;0;0;0;0;
NAT9297  ;2014JJ00;0;0;0;35;15;10;0;0;10;0;0;0;0;0;10;
NAT9297  ;2015JJ00;0;0;0;35;15;10;5;0;5;5;0;0;0;0;10;
NAT9297  ;2016JJ00;0;0;0;35;10;10;0;0;10;5;0;5;5;0;5;
NAT9297  ;2017JJ00;0;0;0;30;10;5;0;0;10;5;0;0;0;0;5;
NAT9297  ;2018JJ00;0;0;0;55;15;10;5;5;15;10;5;0;5;0;10;
NAT9297  ;2019JJ00;0;0;0;60;40;15;10;15;10;5;0;0;0;0;10;
NAT9297  ;2020JJ00;0;0;0;35;15;5;5;5;5;5;0;5;0;0;5;
NAT9298  ;2008JJ00;0;0;0;345;120;85;25;10;5;55;5;0;50;0;165;
NAT9298  ;2009JJ00;0;0;0;280;115;85;20;15;5;95;5;0;90;0;65;
NAT9298  ;2010JJ00;0;0;0;180;100;70;20;5;10;35;5;0;30;0;35;
NAT9298  ;2011JJ00;0;0;0;415;120;90;25;5;15;250;0;5;245;0;30;
NAT9298  ;2012JJ00;0;0;0;160;110;65;25;20;20;10;0;0;5;0;25;
NAT9298  ;2013JJ00;0;0;0;195;105;65;30;15;15;20;5;0;15;0;50;
NAT9298  ;2014JJ00;0;0;0;170;105;75;25;5;15;10;5;0;5;0;40;
NAT9298  ;2015JJ00;0;0;0;165;105;65;40;5;20;20;15;0;5;0;20;
NAT9298  ;2016JJ00;0;0;0;170;105;80;20;5;15;20;15;0;5;5;25;
NAT9298  ;2017JJ00;0;0;0;165;110;75;25;10;20;15;15;0;0;0;20;
NAT9298  ;2018JJ00;0;0;0;200;140;80;30;35;20;20;20;5;0;0;15;
NAT9298  ;2019JJ00;0;0;0;220;130;65;30;40;25;20;15;5;5;0;45;
NAT9298  ;2020JJ00;0;0;0;120;80;40;25;15;15;10;5;0;5;0;15;
NAT9300  ;2008JJ00;0;0;0;1315;765;380;175;210;135;340;135;50;160;0;75;
NAT9300  ;2009JJ00;0;0;0;1235;745;405;170;170;150;290;80;80;130;0;50;
NAT9300  ;2010JJ00;0;0;0;1220;660;340;160;160;180;310;100;70;145;0;70;
NAT9300  ;2011JJ00;0;0;0;1215;675;355;145;170;175;290;90;90;105;5;70;
NAT9300  ;2012JJ00;0;0;0;1175;495;245;100;150;335;290;75;110;105;10;45;
NAT9300  ;2013JJ00;0;0;0;1930;595;315;205;75;750;450;105;205;135;0;130;
NAT9300  ;2014JJ00;0;0;0;1785;445;285;130;30;785;445;130;235;80;5;105;
NAT9300  ;2015JJ00;0;0;0;2025;545;365;145;35;765;495;200;195;100;5;215;
NAT9300  ;2016JJ00;0;0;0;1720;585;395;135;55;340;490;260;125;105;0;305;
NAT9300  ;2017JJ00;0;0;0;2420;870;535;250;90;405;835;480;200;155;0;300;
NAT9300  ;2018JJ00;0;0;0;2925;1125;660;305;160;395;1055;635;205;210;5;350;
NAT9300  ;2019JJ00;0;0;0;3080;1215;705;305;205;365;875;625;185;70;5;620;
NAT9300  ;2020JJ00;0;0;0;2000;815;495;220;105;170;535;380;120;35;10;475;
NAT9305  ;2008JJ00;110;0;0;75;35;5;25;5;0;0;0;0;0;0;40;
NAT9305  ;2009JJ00;65;15;50;65;50;10;30;10;0;0;0;0;0;0;15;
NAT9305  ;2010JJ00;40;15;25;35;25;10;5;10;0;0;0;0;0;0;10;
NAT9305  ;2011JJ00;10;5;5;35;25;5;10;10;5;0;0;0;0;0;5;
NAT9305  ;2012JJ00;15;5;10;35;20;5;10;5;5;0;0;0;0;0;10;
NAT9305  ;2013JJ00;10;0;10;135;75;5;25;40;0;0;0;0;0;0;60;
NAT9305  ;2014JJ00;10;0;5;30;20;5;10;5;0;5;0;5;0;0;10;
NAT9305  ;2015JJ00;10;5;0;35;20;5;5;10;5;0;0;0;0;0;10;
NAT9305  ;2016JJ00;5;5;0;30;15;5;5;5;0;5;0;0;0;0;10;
NAT9305  ;2017JJ00;25;15;10;20;15;5;5;5;0;0;0;0;0;0;5;
NAT9305  ;2018JJ00;5;5;0;30;25;5;10;10;5;0;0;0;0;0;5;
NAT9305  ;2019JJ00;10;5;5;30;15;0;10;5;0;0;0;0;0;0;15;
NAT9305  ;2020JJ00;5;5;0;25;15;5;5;5;5;0;0;0;0;0;5;
NAT9307  ;2008JJ00;0;0;0;1040;235;130;70;35;230;315;160;10;150;0;260;
NAT9307  ;2009JJ00;0;0;0;940;275;135;100;35;195;220;135;25;60;0;250;
NAT9307  ;2010JJ00;0;0;0;1050;220;115;65;40;255;240;130;20;85;0;340;
NAT9307  ;2011JJ00;0;0;0;970;240;125;70;40;240;220;140;25;55;0;270;
NAT9307  ;2012JJ00;0;0;0;1050;260;115;105;40;230;220;145;30;50;0;345;
NAT9307  ;2013JJ00;0;0;0;1330;290;135;140;15;245;270;180;40;45;0;530;
NAT9307  ;2014JJ00;0;0;0;1225;235;145;85;10;250;240;165;35;40;0;495;
NAT9307  ;2015JJ00;0;0;0;1470;265;160;90;15;330;270;180;45;40;0;605;
NAT9307  ;2016JJ00;0;0;0;1510;285;170;105;10;355;270;180;45;45;0;600;
NAT9307  ;2017JJ00;5;0;5;1605;325;170;130;20;375;275;205;45;30;0;630;
NAT9307  ;2018JJ00;0;0;0;1790;320;180;120;20;480;310;230;40;45;0;675;
NAT9307  ;2019JJ00;0;0;0;1815;345;185;115;45;595;320;195;50;70;0;560;
NAT9307  ;2020JJ00;0;0;0;945;265;160;75;30;175;260;165;40;55;0;250;
NAT9309  ;2008JJ00;0;0;0;120;50;25;10;15;35;25;15;5;5;0;10;
NAT9309  ;2009JJ00;0;0;0;130;65;35;15;15;35;20;5;10;5;0;10;
NAT9309  ;2010JJ00;0;0;0;115;50;25;15;15;30;20;10;5;5;0;10;
NAT9309  ;2011JJ00;0;0;0;155;60;30;5;25;55;25;10;10;5;0;15;
NAT9309  ;2012JJ00;0;0;0;150;70;30;25;15;45;25;5;10;5;0;20;
NAT9309  ;2013JJ00;0;0;0;190;75;40;25;10;60;35;10;15;5;0;20;
NAT9309  ;2014JJ00;0;0;0;190;50;30;20;0;85;30;5;20;5;0;25;
NAT9309  ;2015JJ00;0;0;0;250;50;35;10;5;120;50;20;20;15;0;30;
NAT9309  ;2016JJ00;0;0;0;280;75;50;25;5;120;55;20;35;0;0;30;
NAT9309  ;2017JJ00;0;0;0;305;80;50;15;10;145;50;20;30;5;0;30;
NAT9309  ;2018JJ00;0;0;0;305;75;50;15;10;125;65;25;30;5;0;40;
NAT9309  ;2019JJ00;0;0;0;335;105;65;25;15;140;60;25;30;10;0;30;
NAT9309  ;2020JJ00;0;0;0;215;70;40;25;10;55;50;25;20;5;0;35;
NAT9310  ;2008JJ00;110;0;0;5745;1280;660;565;55;1850;1340;350;230;765;0;1270;
NAT9310  ;2009JJ00;120;85;35;5485;1070;565;450;55;2265;1725;310;350;1070;0;420;
NAT9310  ;2010JJ00;205;160;50;4775;1120;635;430;50;2225;1335;350;385;600;0;95;
NAT9310  ;2011JJ00;230;190;40;5480;1175;675;445;55;2445;1770;320;430;1020;20;75;
NAT9310  ;2012JJ00;125;80;50;5870;1190;605;525;65;2505;2100;385;535;1185;15;55;
NAT9310  ;2013JJ00;85;50;30;6080;1755;910;795;50;2695;1555;500;645;410;15;55;
NAT9310  ;2014JJ00;110;65;45;5625;1635;825;780;35;2580;1330;505;620;200;5;75;
NAT9310  ;2015JJ00;70;40;30;6170;1490;730;745;15;2850;1725;485;680;560;10;95;
NAT9310  ;2016JJ00;60;30;30;6265;1570;790;760;15;2930;1675;520;820;335;5;85;
NAT9310  ;2017JJ00;150;130;20;7120;1715;795;895;20;3015;2275;490;870;915;0;110;
NAT9310  ;2018JJ00;100;80;20;7365;1560;745;760;60;3040;2655;490;970;1195;0;105;
NAT9310  ;2019JJ00;130;105;20;8555;1830;800;935;95;3180;3245;520;1100;1620;5;295;
NAT9310  ;2020JJ00;100;75;25;5045;1060;470;525;65;2020;1840;390;835;615;5;125;
NAT9311  ;2008JJ00;20;0;0;400;200;90;50;60;105;75;30;5;45;0;15;
NAT9311  ;2009JJ00;20;5;15;475;205;110;35;60;140;105;30;15;60;0;25;
NAT9311  ;2010JJ00;5;5;5;500;180;80;40;60;180;125;25;20;80;0;15;
NAT9311  ;2011JJ00;5;5;0;485;185;100;35;50;150;135;30;25;80;0;20;
NAT9311  ;2012JJ00;0;0;0;420;150;65;25;60;140;115;20;25;75;0;15;
NAT9311  ;2013JJ00;0;0;0;565;195;95;70;30;160;155;30;50;80;0;50;
NAT9311  ;2014JJ00;0;0;0;450;130;85;30;10;155;120;25;45;50;0;45;
NAT9311  ;2015JJ00;0;0;0;495;105;80;20;5;220;130;35;55;40;0;45;
NAT9311  ;2016JJ00;0;0;0;565;120;90;20;10;245;120;40;35;45;0;80;
NAT9311  ;2017JJ00;5;5;0;640;155;115;25;15;230;175;60;45;70;5;80;
NAT9311  ;2018JJ00;5;0;5;785;240;160;40;40;255;200;70;55;75;0;95;
NAT9311  ;2019JJ00;10;10;0;895;285;160;45;80;230;185;95;55;35;0;190;
NAT9311  ;2020JJ00;35;25;5;625;230;130;40;60;135;120;65;35;25;10;135;
NAT9313  ;2008JJ00;160;0;0;430;65;15;40;10;5;0;0;0;0;0;360;
NAT9313  ;2009JJ00;105;55;50;150;70;15;45;10;5;0;0;0;0;0;70;
NAT9313  ;2010JJ00;100;65;35;90;55;10;35;5;0;0;0;0;0;0;35;
NAT9313  ;2011JJ00;140;90;45;80;60;10;45;5;5;5;0;0;0;0;10;
NAT9313  ;2012JJ00;75;45;30;85;70;10;55;5;5;5;0;5;0;5;5;
NAT9313  ;2013JJ00;130;30;100;135;105;10;80;20;5;5;5;5;0;5;15;
NAT9313  ;2014JJ00;45;20;25;35;25;0;20;5;0;5;0;0;0;5;5;
NAT9313  ;2015JJ00;30;20;10;45;30;0;20;10;5;5;0;5;0;0;5;
NAT9313  ;2016JJ00;30;10;20;35;20;5;10;10;5;0;0;0;0;5;5;
NAT9313  ;2017JJ00;35;25;15;60;35;5;15;20;5;5;0;5;0;5;10;
NAT9313  ;2018JJ00;150;75;75;45;30;5;10;15;5;5;0;0;0;5;5;
NAT9313  ;2019JJ00;45;40;5;40;25;5;10;15;5;5;0;0;0;0;10;
NAT9313  ;2020JJ00;5;0;5;25;15;0;10;5;5;0;0;0;0;0;5;
NAT9314  ;2008JJ00;0;0;0;0;0;0;0;0;0;0;0;0;0;0;0;
NAT9314  ;2009JJ00;0;0;0;0;0;0;0;0;0;0;0;0;0;0;0;
NAT9314  ;2010JJ00;0;0;0;0;0;0;0;0;0;0;0;0;0;0;0;
NAT9314  ;2011JJ00;0;0;0;0;0;0;0;0;0;0;0;0;0;0;0;
NAT9314  ;2012JJ00;0;0;0;0;0;0;0;0;0;0;0;0;0;0;0;
NAT9314  ;2013JJ00;0;0;0;0;0;0;0;0;0;0;0;0;0;0;0;
NAT9314  ;2014JJ00;5;0;5;45;40;0;40;0;0;0;0;0;0;0;0;
NAT9314  ;2015JJ00;75;25;55;50;50;5;45;0;0;0;0;0;0;0;0;
NAT9314  ;2016JJ00;45;15;30;40;35;5;25;0;5;5;5;0;0;0;0;
NAT9314  ;2017JJ00;10;0;10;15;15;5;10;0;0;0;0;0;0;0;0;
NAT9314  ;2018JJ00;35;5;30;35;35;5;25;5;5;0;0;0;0;0;0;
NAT9314  ;2019JJ00;45;35;5;40;25;5;20;0;5;0;0;0;0;0;10;
NAT9314  ;2020JJ00;10;0;10;50;45;5;20;20;5;0;0;0;0;0;5;
NAT9315  ;2008JJ00;0;0;0;40;15;10;0;0;15;10;5;0;0;0;0;
NAT9315  ;2009JJ00;0;0;0;50;20;10;5;5;25;5;0;0;0;0;0;
NAT9315  ;2010JJ00;0;0;0;55;15;10;5;0;25;5;5;0;5;0;5;
NAT9315  ;2011JJ00;0;0;0;50;15;10;0;5;20;10;5;0;5;0;0;
NAT9315  ;2012JJ00;0;0;0;60;15;10;0;5;25;15;5;0;10;0;5;
NAT9315  ;2013JJ00;0;0;0;55;15;10;0;0;15;25;5;10;10;0;5;
NAT9315  ;2014JJ00;0;0;0;70;25;20;5;0;25;20;5;5;10;0;0;
NAT9315  ;2015JJ00;0;0;0;65;15;10;0;0;30;15;5;5;5;0;5;
NAT9315  ;2016JJ00;0;0;0;55;10;5;5;0;25;15;10;5;0;0;5;
NAT9315  ;2017JJ00;0;0;0;65;25;15;10;5;25;10;5;5;0;0;5;
NAT9315  ;2018JJ00;0;0;0;105;30;15;10;0;30;40;25;10;0;0;5;
NAT9315  ;2019JJ00;0;0;0;125;45;25;10;10;25;45;35;5;5;0;15;
NAT9315  ;2020JJ00;0;0;0;85;40;25;5;5;20;20;15;5;0;0;5;
NAT9316  ;2008JJ00;0;0;0;80;65;30;20;15;0;5;0;0;0;0;10;
NAT9316  ;2009JJ00;0;0;0;65;55;30;10;15;0;5;0;0;0;0;5;
NAT9316  ;2010JJ00;5;5;0;75;55;40;10;10;5;5;0;0;5;0;5;
NAT9316  ;2011JJ00;0;0;0;60;45;25;10;10;0;10;0;0;10;0;5;
NAT9316  ;2012JJ00;0;0;0;40;35;20;5;10;0;0;0;0;0;0;0;
NAT9316  ;2013JJ00;0;0;0;60;50;25;15;5;5;0;0;0;0;0;10;
NAT9316  ;2014JJ00;0;0;0;40;25;20;5;0;5;5;5;0;0;0;5;
NAT9316  ;2015JJ00;5;0;0;50;30;25;5;0;5;5;0;5;0;0;5;
NAT9316  ;2016JJ00;0;0;0;45;25;20;5;0;5;5;0;5;0;0;10;
NAT9316  ;2017JJ00;0;0;0;50;25;20;5;0;5;10;5;5;0;0;10;
NAT9316  ;2018JJ00;10;10;0;60;35;25;5;5;5;10;0;0;5;0;10;
NAT9316  ;2019JJ00;20;15;0;90;50;30;10;10;5;20;10;10;0;0;20;
NAT9316  ;2020JJ00;10;10;0;70;45;25;10;15;5;20;5;15;0;0;5;
NAT9321  ;2008JJ00;0;0;0;140;125;45;60;15;0;0;0;0;0;0;15;
NAT9321  ;2009JJ00;0;0;0;160;135;35;40;60;10;0;0;0;0;0;15;
NAT9321  ;2010JJ00;0;0;0;125;120;45;35;40;0;0;0;0;0;0;5;
NAT9321  ;2011JJ00;0;0;0;125;110;45;35;30;5;5;0;0;0;0;10;
NAT9321  ;2012JJ00;0;0;0;105;95;30;25;40;0;0;0;0;0;0;5;
NAT9321  ;2013JJ00;0;0;0;140;110;45;55;15;0;5;0;0;0;0;20;
NAT9321  ;2014JJ00;0;0;0;100;85;40;35;10;0;0;0;0;0;0;15;
NAT9321  ;2015JJ00;0;0;0;115;60;25;30;5;5;0;0;0;0;0;50;
NAT9321  ;2016JJ00;0;0;0;90;45;20;15;10;5;0;0;0;0;0;35;
NAT9321  ;2017JJ00;0;0;0;115;65;30;20;15;5;10;5;0;0;0;40;
NAT9321  ;2018JJ00;0;0;0;150;100;35;25;40;5;5;5;0;0;0;40;
NAT9321  ;2019JJ00;0;0;0;175;130;45;35;50;5;5;5;0;0;0;30;
NAT9321  ;2020JJ00;0;0;0;125;105;25;25;55;5;5;0;0;0;0;15;
NAT9323  ;2008JJ00;0;0;0;150;95;45;25;25;25;15;5;0;10;0;10;
NAT9323  ;2009JJ00;0;0;0;125;55;20;10;25;30;25;0;5;15;0;20;
NAT9323  ;2010JJ00;0;0;0;135;55;25;10;20;40;30;5;5;20;0;10;
NAT9323  ;2011JJ00;5;0;5;125;45;20;10;15;45;30;5;0;25;0;10;
NAT9323  ;2012JJ00;0;0;0;125;50;25;5;20;50;20;5;5;10;0;5;
NAT9323  ;2013JJ00;0;0;0;155;60;25;20;15;55;30;5;10;15;0;10;
NAT9323  ;2014JJ00;0;0;0;135;40;25;10;5;65;15;5;10;5;0;15;
NAT9323  ;2015JJ00;0;0;0;165;35;20;10;5;90;20;5;10;5;0;20;
NAT9323  ;2016JJ00;0;0;0;160;45;35;10;0;70;20;5;10;10;0;25;
NAT9323  ;2017JJ00;0;0;0;195;35;15;10;10;120;20;5;10;5;0;20;
NAT9323  ;2018JJ00;0;0;0;200;35;20;5;5;110;25;5;5;15;0;35;
NAT9323  ;2019JJ00;0;0;0;170;50;35;5;15;65;30;5;10;15;0;25;
NAT9323  ;2020JJ00;0;0;0;115;30;15;10;5;40;20;5;10;10;0;20;
NAT9324  ;2008JJ00;5;0;0;385;295;180;65;50;25;50;40;5;5;0;20;
NAT9324  ;2009JJ00;20;15;5;430;355;185;60;110;20;45;20;15;10;0;15;
NAT9324  ;2010JJ00;10;5;5;425;320;185;45;95;55;40;20;10;15;0;10;
NAT9324  ;2011JJ00;5;5;0;370;255;135;60;60;30;75;45;5;20;0;10;
NAT9324  ;2012JJ00;40;25;15;410;275;135;85;55;40;80;45;10;20;5;15;
NAT9324  ;2013JJ00;50;30;15;550;330;170;145;15;65;115;85;20;15;0;35;
NAT9324  ;2014JJ00;50;25;25;515;300;155;130;15;50;95;70;15;10;0;70;
NAT9324  ;2015JJ00;35;30;5;520;220;130;85;10;85;105;75;20;10;0;105;
NAT9324  ;2016JJ00;25;10;15;705;300;180;105;10;115;170;130;20;15;0;125;
NAT9324  ;2017JJ00;65;35;30;780;355;195;140;20;135;205;170;20;15;0;90;
NAT9324  ;2018JJ00;60;35;30;920;425;205;160;55;175;240;200;20;15;0;85;
NAT9324  ;2019JJ00;30;25;5;1235;575;235;210;130;225;310;230;35;45;0;125;
NAT9324  ;2020JJ00;80;45;35;840;425;175;180;70;175;170;130;20;25;0;65;
NAT9326  ;2008JJ00;160;0;0;50;10;5;5;0;20;0;0;0;0;0;20;
NAT9326  ;2009JJ00;245;215;30;35;10;5;5;0;20;5;0;5;0;0;5;
NAT9326  ;2010JJ00;315;270;45;40;15;10;5;0;20;5;0;0;0;0;0;
NAT9326  ;2011JJ00;480;425;55;35;15;10;5;0;20;0;0;0;0;0;0;
NAT9326  ;2012JJ00;280;255;25;30;10;0;5;0;15;0;0;0;0;0;0;
NAT9326  ;2013JJ00;715;575;140;30;10;5;5;0;15;0;0;0;0;0;5;
NAT9326  ;2014JJ00;3745;3475;265;45;30;5;20;5;15;0;0;0;0;0;0;
NAT9326  ;2015JJ00;5945;4905;1040;185;170;10;85;75;10;0;0;0;0;0;5;
NAT9326  ;2016JJ00;4625;3300;1325;595;585;10;440;140;10;0;0;0;0;0;0;
NAT9326  ;2017JJ00;4430;1530;2900;1135;1120;5;715;400;5;5;0;0;0;0;5;
NAT9326  ;2018JJ00;3135;535;2600;1925;1915;5;1115;795;5;0;0;0;0;5;5;
NAT9326  ;2019JJ00;2430;610;1820;2050;2000;10;1310;680;5;0;0;0;0;0;45;
NAT9326  ;2020JJ00;1605;495;1110;1475;1465;15;1075;370;5;5;0;0;0;0;5;
NAT9328  ;2008JJ00;100;0;0;370;100;25;70;5;170;25;5;10;5;0;75;
NAT9328  ;2009JJ00;80;35;40;355;90;25;55;5;205;40;5;30;5;0;20;
NAT9328  ;2010JJ00;30;25;10;290;65;25;35;5;175;45;0;35;5;0;10;
NAT9328  ;2011JJ00;135;75;55;245;60;20;35;5;140;40;0;35;5;0;0;
NAT9328  ;2012JJ00;30;20;5;270;50;20;30;0;165;45;5;35;5;0;5;
NAT9328  ;2013JJ00;55;30;25;270;75;30;45;5;140;50;0;40;5;0;5;
NAT9328  ;2014JJ00;85;35;50;165;45;25;15;5;85;35;5;30;5;0;0;
NAT9328  ;2015JJ00;70;35;35;240;70;20;40;10;105;55;5;45;5;0;10;
NAT9328  ;2016JJ00;130;75;55;235;80;40;40;5;100;55;5;40;5;0;5;
NAT9328  ;2017JJ00;110;60;50;175;75;20;45;10;55;40;5;30;0;0;5;
NAT9328  ;2018JJ00;115;40;75;185;90;30;35;25;45;45;5;40;0;0;5;
NAT9328  ;2019JJ00;45;10;30;240;120;40;55;25;50;40;0;35;10;0;30;
NAT9328  ;2020JJ00;25;10;15;190;100;20;50;25;60;25;5;15;5;0;5;
NAT9330  ;2008JJ00;0;0;0;1275;430;265;125;35;50;720;95;0;620;0;80;
NAT9330  ;2009JJ00;0;0;0;1190;430;280;120;30;50;675;40;5;630;0;40;
NAT9330  ;2010JJ00;0;0;0;1070;405;255;120;30;45;605;40;5;555;0;20;
NAT9330  ;2011JJ00;0;0;0;910;415;280;100;35;35;440;35;10;400;0;20;
NAT9330  ;2012JJ00;0;0;0;880;355;220;100;40;35;450;75;10;370;10;25;
NAT9330  ;2013JJ00;0;0;0;1170;515;330;165;20;50;575;70;15;490;5;30;
NAT9330  ;2014JJ00;0;0;0;1055;450;315;130;5;60;450;60;5;385;55;35;
NAT9330  ;2015JJ00;5;0;5;960;445;305;130;10;55;420;85;10;325;0;35;
NAT9330  ;2016JJ00;5;0;5;1085;460;335;110;15;100;460;65;10;385;5;65;
NAT9330  ;2017JJ00;5;0;5;1220;575;375;175;25;95;495;95;5;390;5;55;
NAT9330  ;2018JJ00;5;0;5;1370;610;390;150;65;105;555;90;10;455;15;90;
NAT9330  ;2019JJ00;5;0;5;1525;680;410;160;115;80;210;170;10;35;0;555;
NAT9330  ;2020JJ00;0;0;0;1225;560;335;150;80;70;100;55;10;30;0;495;
NAT9334  ;2008JJ00;5;0;0;55;45;30;5;5;5;0;0;0;0;0;5;
NAT9334  ;2009JJ00;0;0;0;35;35;20;10;5;0;0;0;0;0;0;0;
NAT9334  ;2010JJ00;5;5;0;60;55;35;15;5;0;0;0;0;0;0;5;
NAT9334  ;2011JJ00;5;5;0;65;50;30;15;0;5;0;0;0;0;5;5;
NAT9334  ;2012JJ00;0;0;0;20;20;10;5;5;0;0;0;0;0;0;0;
NAT9334  ;2013JJ00;5;5;0;50;40;25;10;5;0;0;0;0;0;0;5;
NAT9334  ;2014JJ00;10;10;0;55;50;35;10;5;0;0;0;0;0;0;5;
NAT9334  ;2015JJ00;15;10;5;65;45;25;15;5;10;0;0;0;0;0;5;
NAT9334  ;2016JJ00;5;5;0;70;60;50;10;5;5;0;0;0;0;0;5;
NAT9334  ;2017JJ00;10;10;0;80;70;35;25;10;5;0;0;0;0;0;10;
NAT9334  ;2018JJ00;10;5;5;110;90;55;25;5;5;0;0;0;0;10;5;
NAT9334  ;2019JJ00;10;10;0;130;105;55;25;20;0;0;0;0;0;15;5;
NAT9334  ;2020JJ00;10;10;0;105;80;40;20;20;5;5;0;0;5;5;15;
NAT9335  ;2008JJ00;5;0;0;160;30;15;5;10;45;15;10;0;5;0;70;
NAT9335  ;2009JJ00;5;0;5;150;55;30;15;10;65;10;0;0;10;0;20;
NAT9335  ;2010JJ00;5;0;5;105;35;15;5;15;50;10;0;0;10;0;10;
NAT9335  ;2011JJ00;5;5;0;80;35;15;10;10;30;10;5;0;5;0;5;
NAT9335  ;2012JJ00;5;0;0;90;45;20;15;10;35;5;0;0;0;0;5;
NAT9335  ;2013JJ00;10;0;10;130;55;20;25;10;45;15;5;0;5;0;20;
NAT9335  ;2014JJ00;5;5;0;105;30;15;10;5;40;15;10;5;5;0;15;
NAT9335  ;2015JJ00;0;0;0;100;20;10;10;5;50;10;5;0;0;0;20;
NAT9335  ;2016JJ00;5;5;0;140;40;25;15;5;55;10;5;5;0;0;30;
NAT9335  ;2017JJ00;5;5;0;155;35;20;10;5;70;20;15;0;5;0;30;
NAT9335  ;2018JJ00;0;0;0;165;45;30;5;10;70;15;15;0;0;0;35;
NAT9335  ;2019JJ00;0;0;0;200;50;25;10;10;90;25;15;5;5;0;40;
NAT9335  ;2020JJ00;5;5;0;125;30;10;15;10;55;20;10;5;0;0;25;
NAT9336  ;2008JJ00;0;0;0;820;565;210;230;125;105;25;0;10;10;0;125;
NAT9336  ;2009JJ00;0;0;0;795;570;160;210;200;105;35;5;20;10;0;90;
NAT9336  ;2010JJ00;0;0;0;710;525;175;195;150;100;30;5;15;10;0;55;
NAT9336  ;2011JJ00;0;0;0;690;555;270;165;115;75;30;5;10;10;10;25;
NAT9336  ;2012JJ00;0;0;0;580;445;150;150;145;85;25;0;15;5;15;10;
NAT9336  ;2013JJ00;0;0;0;680;450;190;210;50;85;35;5;25;5;10;100;
NAT9336  ;2014JJ00;0;0;0;530;380;150;205;25;60;25;0;20;5;0;60;
NAT9336  ;2015JJ00;5;5;0;585;325;120;185;20;80;35;5;25;10;5;145;
NAT9336  ;2016JJ00;5;5;0;575;295;140;140;15;125;20;5;10;5;5;130;
NAT9336  ;2017JJ00;0;0;0;600;365;150;150;65;105;35;0;25;5;0;100;
NAT9336  ;2018JJ00;10;0;5;645;430;170;140;115;90;40;5;25;10;0;90;
NAT9336  ;2019JJ00;5;5;0;755;480;140;180;155;120;60;5;20;35;10;85;
NAT9336  ;2020JJ00;0;0;0;510;355;125;145;85;75;35;10;5;15;0;45;
NAT9341  ;2008JJ00;125;0;0;315;25;15;0;10;0;0;0;0;0;0;285;
NAT9341  ;2009JJ00;105;80;20;125;40;15;10;15;0;0;0;0;0;0;90;
NAT9341  ;2010JJ00;125;90;35;50;15;5;5;5;0;0;0;0;0;0;35;
NAT9341  ;2011JJ00;100;85;15;75;25;5;5;10;0;0;0;0;0;40;10;
NAT9341  ;2012JJ00;85;60;25;70;30;5;20;5;0;0;0;0;0;35;5;
NAT9341  ;2013JJ00;65;40;25;80;40;10;25;5;0;0;0;0;0;20;15;
NAT9341  ;2014JJ00;85;60;25;65;35;5;20;10;0;0;0;0;0;15;10;
NAT9341  ;2015JJ00;65;30;30;50;30;5;20;10;0;0;0;0;0;5;10;
NAT9341  ;2016JJ00;40;35;5;70;45;5;25;15;0;0;0;0;0;10;15;
NAT9341  ;2017JJ00;35;25;10;80;55;10;20;20;0;0;0;0;0;10;10;
NAT9341  ;2018JJ00;35;20;15;95;65;10;25;35;0;0;0;0;0;10;15;
NAT9341  ;2019JJ00;25;20;10;100;80;5;40;30;0;0;0;0;0;15;10;
NAT9341  ;2020JJ00;35;30;5;75;55;5;25;25;0;0;0;0;0;10;10;
NAT9343  ;2008JJ00;0;0;0;90;85;0;85;0;0;0;0;0;0;0;0;
NAT9343  ;2009JJ00;0;0;0;60;55;0;55;0;0;0;0;0;0;0;0;
NAT9343  ;2010JJ00;0;0;0;135;80;0;75;5;0;0;0;0;0;0;50;
NAT9343  ;2011JJ00;0;0;0;5;0;0;0;0;0;0;0;0;0;0;0;
NAT9343  ;2012JJ00;0;0;0;5;0;0;0;0;0;0;0;0;0;0;0;
NAT9343  ;2013JJ00;0;0;0;15;15;0;15;0;0;0;0;0;0;0;0;
NAT9343  ;2014JJ00;0;0;0;20;15;0;10;0;5;0;0;0;0;0;0;
NAT9343  ;2015JJ00;0;0;0;10;5;0;5;0;0;0;0;0;0;0;0;
NAT9343  ;2016JJ00;0;0;0;10;5;0;5;0;0;0;0;0;0;0;0;
NAT9343  ;2017JJ00;0;0;0;15;15;0;15;0;0;0;0;0;0;0;0;
NAT9343  ;2018JJ00;0;0;0;5;5;0;0;0;0;0;0;0;0;0;0;
NAT9343  ;2019JJ00;0;0;0;20;10;0;5;5;5;0;0;0;0;0;5;
NAT9343  ;2020JJ00;0;0;0;20;15;5;5;5;0;0;0;0;0;0;0;
NAT9348  ;2008JJ00;0;0;0;3815;1165;695;420;50;315;2260;2115;30;110;0;70;
NAT9348  ;2009JJ00;0;0;0;3575;1365;805;480;75;380;1790;1585;70;135;0;45;
NAT9348  ;2010JJ00;0;0;0;3870;1340;800;485;55;440;2065;1900;85;80;0;25;
NAT9348  ;2011JJ00;0;0;0;4310;1650;995;610;50;445;2190;2020;75;100;0;20;
NAT9348  ;2012JJ00;0;0;0;4285;1730;960;700;70;450;2080;1870;70;140;5;15;
NAT9348  ;2013JJ00;0;0;0;6120;2450;1375;1050;25;685;2940;2675;115;150;15;30;
NAT9348  ;2014JJ00;0;0;0;6195;2355;1280;1065;15;790;3000;2790;170;40;5;45;
NAT9348  ;2015JJ00;0;0;0;6955;2615;1460;1145;10;1095;3185;2995;140;55;10;55;
NAT9348  ;2016JJ00;0;0;0;8105;3175;1775;1390;10;995;3860;3615;170;70;0;75;
NAT9348  ;2017JJ00;0;0;0;10130;3840;2055;1760;25;1475;4730;4475;160;95;5;75;
NAT9348  ;2018JJ00;0;0;0;12085;4395;2395;1965;40;1770;5810;5410;240;160;5;100;
NAT9348  ;2019JJ00;0;0;0;13925;5815;3085;2670;55;1950;6040;5495;230;315;5;120;
NAT9348  ;2020JJ00;0;0;0;7635;3375;1675;1670;35;1285;2900;2445;205;255;0;75;
NAT9349  ;2008JJ00;0;0;0;1435;490;335;125;25;535;370;75;55;240;0;45;
NAT9349  ;2009JJ00;0;0;0;1290;450;290;140;20;540;270;45;75;150;0;35;
NAT9349  ;2010JJ00;0;0;0;1340;490;335;130;25;615;210;35;85;90;0;25;
NAT9349  ;2011JJ00;0;0;0;1400;525;370;130;25;640;210;40;95;75;0;20;
NAT9349  ;2012JJ00;0;0;0;1245;440;315;100;30;580;195;25;95;70;5;25;
NAT9349  ;2013JJ00;0;0;0;1625;570;335;215;20;740;275;50;150;70;5;35;
NAT9349  ;2014JJ00;0;0;0;1500;510;325;180;5;780;190;35;95;60;10;15;
NAT9349  ;2015JJ00;0;0;0;1700;530;320;205;5;905;220;30;145;45;0;40;
NAT9349  ;2016JJ00;0;0;0;1945;610;350;250;10;1085;205;25;135;45;0;45;
NAT9349  ;2017JJ00;0;0;0;1655;605;375;215;20;815;185;45;75;65;0;45;
NAT9349  ;2018JJ00;0;0;0;1755;615;395;175;45;890;205;40;65;95;0;50;
NAT9349  ;2019JJ00;0;0;0;1880;675;375;220;80;860;230;55;95;80;0;110;
NAT9349  ;2020JJ00;0;0;0;1360;510;300;150;60;625;145;30;70;45;0;80;
NAT9350  ;2008JJ00;2305;0;0;700;200;125;65;10;10;10;5;0;0;0;485;
NAT9350  ;2009JJ00;1895;1230;665;350;225;140;60;25;10;0;0;0;0;0;120;
NAT9350  ;2010JJ00;1445;1045;400;270;230;120;90;20;0;5;5;0;0;0;35;
NAT9350  ;2011JJ00;1400;1100;305;325;275;140;110;20;10;15;10;5;0;5;25;
NAT9350  ;2012JJ00;1260;885;375;305;260;110;115;35;5;5;0;5;0;0;35;
NAT9350  ;2013JJ00;890;385;505;460;375;85;170;120;5;10;0;5;5;0;75;
NAT9350  ;2014JJ00;645;340;300;350;250;90;120;40;5;15;5;10;0;0;85;
NAT9350  ;2015JJ00;495;265;230;255;215;75;100;40;5;5;0;0;0;0;30;
NAT9350  ;2016JJ00;1225;1040;185;290;225;85;80;60;10;10;0;0;5;0;45;
NAT9350  ;2017JJ00;1195;665;530;510;425;95;85;245;5;10;5;0;0;5;70;
NAT9350  ;2018JJ00;405;170;235;615;515;125;105;285;15;15;5;0;5;0;75;
NAT9350  ;2019JJ00;285;170;120;690;430;105;105;225;15;15;5;0;10;0;230;
NAT9350  ;2020JJ00;400;255;145;475;410;95;85;230;5;5;5;0;0;0;50;
NAT9351  ;2008JJ00;190;0;0;990;275;190;70;15;150;210;135;50;25;0;360;
NAT9351  ;2009JJ00;255;170;85;700;280;195;65;20;195;190;80;95;15;0;40;
NAT9351  ;2010JJ00;455;325;130;680;270;185;65;20;205;180;60;115;5;0;25;
NAT9351  ;2011JJ00;605;410;200;835;340;235;90;15;240;240;95;140;5;0;15;
NAT9351  ;2012JJ00;585;390;195;575;270;170;70;30;135;160;55;95;10;0;10;
NAT9351  ;2013JJ00;735;540;195;650;320;215;80;25;115;195;70;120;5;0;15;
NAT9351  ;2014JJ00;405;280;125;605;265;185;70;10;110;205;45;150;5;0;25;
NAT9351  ;2015JJ00;395;300;95;625;290;200;80;10;105;200;60;130;10;0;25;
NAT9351  ;2016JJ00;555;445;110;780;340;240;95;10;140;275;100;170;10;0;25;
NAT9351  ;2017JJ00;980;740;240;1015;425;285;120;20;185;385;100;270;15;0;20;
NAT9351  ;2018JJ00;570;365;210;1265;485;320;135;30;220;520;175;310;35;0;40;
NAT9351  ;2019JJ00;525;350;175;1470;640;410;190;45;220;545;200;285;60;0;60;
NAT9351  ;2020JJ00;540;370;170;1275;545;365;150;30;265;415;130;220;60;0;45;
NAT9352  ;2008JJ00;0;0;0;340;160;55;45;60;45;120;65;5;50;0;15;
NAT9352  ;2009JJ00;0;0;0;280;135;65;40;25;45;85;60;5;20;0;15;
NAT9352  ;2010JJ00;0;0;0;225;100;35;35;30;55;65;40;5;20;0;5;
NAT9352  ;2011JJ00;0;0;0;255;120;45;45;35;50;75;40;10;25;0;10;
NAT9352  ;2012JJ00;0;0;0;265;145;55;55;35;45;65;45;10;10;0;10;
NAT9352  ;2013JJ00;0;0;0;295;160;55;95;10;45;65;45;5;15;0;25;
NAT9352  ;2014JJ00;0;0;0;325;160;65;80;15;50;90;60;10;20;0;25;
NAT9352  ;2015JJ00;0;0;0;355;155;65;75;15;45;105;65;15;25;0;55;
NAT9352  ;2016JJ00;0;0;0;345;140;55;55;25;45;105;65;15;25;0;55;
NAT9352  ;2017JJ00;0;0;0;355;145;60;70;20;45;110;65;20;25;0;50;
NAT9352  ;2018JJ00;0;0;0;430;195;80;100;20;70;115;90;10;15;0;55;
NAT9352  ;2019JJ00;0;0;0;475;190;65;90;35;70;125;80;10;35;0;85;
NAT9352  ;2020JJ00;0;0;0;310;110;40;55;20;50;75;50;15;10;0;70;
NAT9354  ;2008JJ00;55;0;0;50;15;5;10;0;5;10;5;0;5;0;25;
NAT9354  ;2009JJ00;75;30;45;35;30;5;25;5;0;0;0;0;0;0;0;
NAT9354  ;2010JJ00;70;20;50;25;15;5;10;0;0;0;0;0;0;0;5;
NAT9354  ;2011JJ00;25;15;10;20;15;5;10;5;0;5;0;0;0;0;5;
NAT9354  ;2012JJ00;40;15;25;35;20;5;15;5;5;5;0;0;0;0;5;
NAT9354  ;2013JJ00;50;15;35;70;35;5;15;15;5;5;5;0;0;0;25;
NAT9354  ;2014JJ00;30;5;20;35;20;10;10;0;5;0;0;0;0;0;5;
NAT9354  ;2015JJ00;5;5;0;40;25;10;15;5;0;0;0;0;0;0;10;
NAT9354  ;2016JJ00;5;0;0;20;10;5;5;0;5;0;0;0;0;0;0;
NAT9354  ;2017JJ00;10;5;0;45;25;0;15;10;5;5;0;0;0;5;10;
NAT9354  ;2018JJ00;5;0;5;40;30;5;5;20;5;0;0;0;0;0;5;
NAT9354  ;2019JJ00;5;5;0;70;25;5;10;10;10;5;0;0;0;0;30;
NAT9354  ;2020JJ00;5;5;0;30;15;0;10;5;0;0;0;0;0;5;10;
NAT9356  ;2008JJ00;0;0;0;1420;690;340;320;30;130;590;315;30;245;0;10;
NAT9356  ;2009JJ00;0;0;0;1240;635;320;295;20;120;470;315;30;125;0;15;
NAT9356  ;2010JJ00;0;0;0;1110;540;255;260;20;105;450;305;50;95;0;15;
NAT9356  ;2011JJ00;0;0;0;1185;540;270;240;25;120;510;360;60;95;0;15;
NAT9356  ;2012JJ00;0;0;0;1255;540;250;260;30;145;555;410;50;95;0;15;
NAT9356  ;2013JJ00;0;0;0;1250;530;260;270;5;140;550;365;70;110;0;30;
NAT9356  ;2014JJ00;0;0;0;1240;580;255;320;0;170;460;320;55;85;0;30;
NAT9356  ;2015JJ00;0;0;0;1280;505;250;250;0;190;540;250;50;240;0;45;
NAT9356  ;2016JJ00;0;0;0;1695;665;305;355;5;265;720;285;60;370;0;40;
NAT9356  ;2017JJ00;0;0;0;1475;580;275;300;5;270;580;340;55;190;0;45;
NAT9356  ;2018JJ00;0;0;0;1575;595;280;300;10;315;625;370;70;185;0;40;
NAT9356  ;2019JJ00;0;0;0;1820;750;350;385;15;305;705;430;65;205;0;60;
NAT9356  ;2020JJ00;0;0;0;1305;595;265;320;10;120;545;355;35;160;0;40;
NAT9357  ;2008JJ00;0;0;0;50;5;5;0;0;10;5;0;0;0;0;30;
NAT9357  ;2009JJ00;10;5;5;20;10;10;0;0;5;5;0;5;0;0;0;
NAT9357  ;2010JJ00;0;0;0;20;15;10;0;5;5;0;0;0;0;0;0;
NAT9357  ;2011JJ00;10;5;5;25;15;5;5;0;10;5;0;0;0;0;0;
NAT9357  ;2012JJ00;10;5;0;35;20;5;10;0;5;15;0;0;10;0;0;
NAT9357  ;2013JJ00;10;5;5;25;10;5;5;0;5;5;0;0;0;0;5;
NAT9357  ;2014JJ00;25;5;20;20;10;5;5;0;5;0;0;0;0;0;0;
NAT9357  ;2015JJ00;30;15;15;30;15;5;10;0;5;5;0;5;0;0;0;
NAT9357  ;2016JJ00;25;5;20;35;20;10;10;5;10;5;0;5;0;0;0;
NAT9357  ;2017JJ00;230;185;50;55;30;10;15;5;20;5;0;0;0;0;0;
NAT9357  ;2018JJ00;255;130;125;45;25;10;15;5;15;5;5;0;0;0;0;
NAT9357  ;2019JJ00;645;445;205;95;65;15;35;15;15;10;5;0;5;0;5;
NAT9357  ;2020JJ00;1055;615;440;130;90;15;50;30;15;15;0;0;10;0;5;
NAT9359  ;2008JJ00;0;0;0;50;20;15;5;0;10;10;5;0;0;0;5;
NAT9359  ;2009JJ00;0;0;0;30;15;10;0;5;10;5;0;0;0;0;5;
NAT9359  ;2010JJ00;0;0;0;40;30;15;10;5;5;5;0;5;0;0;0;
NAT9359  ;2011JJ00;0;0;0;35;15;10;5;0;10;10;5;0;0;0;0;
NAT9359  ;2012JJ00;0;0;0;35;20;10;5;0;10;10;5;0;0;0;0;
NAT9359  ;2013JJ00;0;0;0;40;25;10;10;5;10;5;5;0;0;0;0;
NAT9359  ;2014JJ00;10;0;10;50;20;15;5;0;15;10;5;5;0;0;5;
NAT9359  ;2015JJ00;60;5;55;60;15;10;5;0;25;10;10;0;0;0;5;
NAT9359  ;2016JJ00;35;5;30;70;30;15;10;5;20;15;15;0;0;0;5;
NAT9359  ;2017JJ00;40;5;35;95;45;25;10;10;25;20;15;0;5;0;5;
NAT9359  ;2018JJ00;25;5;20;105;35;15;10;10;30;25;20;0;5;0;10;
NAT9359  ;2019JJ00;10;5;10;135;45;20;15;5;50;30;20;5;5;0;10;
NAT9359  ;2020JJ00;25;15;10;125;55;30;15;15;40;20;15;5;0;0;10;
NAT9360  ;2008JJ00;0;0;0;175;135;35;40;60;5;25;0;0;20;0;15;
NAT9360  ;2009JJ00;0;0;0;145;110;20;30;60;0;20;0;0;20;0;15;
NAT9360  ;2010JJ00;0;0;0;85;65;20;20;30;0;5;0;0;0;0;10;
NAT9360  ;2011JJ00;0;0;0;80;55;20;20;20;0;5;0;0;5;0;20;
NAT9360  ;2012JJ00;0;0;0;75;65;15;15;35;0;5;0;0;5;0;10;
NAT9360  ;2013JJ00;0;0;0;110;70;15;40;15;0;0;0;0;0;0;40;
NAT9360  ;2014JJ00;0;0;0;85;60;20;30;10;0;5;0;0;5;0;15;
NAT9360  ;2015JJ00;0;0;0;85;35;5;20;5;0;5;0;0;5;0;40;
NAT9360  ;2016JJ00;0;0;0;75;35;15;15;5;0;0;0;0;0;0;40;
NAT9360  ;2017JJ00;0;0;0;75;35;10;10;15;0;0;0;0;0;0;40;
NAT9360  ;2018JJ00;0;0;0;90;45;15;15;15;0;5;0;0;5;0;45;
NAT9360  ;2019JJ00;0;0;0;120;70;20;25;30;0;0;0;0;0;0;45;
NAT9360  ;2020JJ00;0;0;0;65;35;10;10;15;0;0;0;0;0;0;30;
NAT9361  ;2008JJ00;10;0;0;180;60;20;30;10;55;5;5;0;0;0;60;
NAT9361  ;2009JJ00;10;5;5;180;75;20;45;10;80;10;5;0;5;0;15;
NAT9361  ;2010JJ00;5;0;5;150;65;30;20;15;55;15;5;0;5;0;15;
NAT9361  ;2011JJ00;5;5;0;125;60;30;25;5;45;10;5;5;5;5;5;
NAT9361  ;2012JJ00;10;5;5;125;60;20;25;10;45;10;5;5;0;5;5;
NAT9361  ;2013JJ00;0;0;0;135;65;20;30;15;45;10;5;0;5;5;10;
NAT9361  ;2014JJ00;20;15;0;95;50;15;30;5;25;10;5;0;0;0;5;
NAT9361  ;2015JJ00;10;5;5;75;35;15;20;0;20;5;5;0;0;5;10;
NAT9361  ;2016JJ00;10;5;0;80;35;15;15;10;25;5;0;5;0;0;20;
NAT9361  ;2017JJ00;10;10;0;105;50;10;20;20;30;5;0;0;5;5;15;
NAT9361  ;2018JJ00;5;5;0;100;40;10;20;5;35;15;5;10;0;0;10;
NAT9361  ;2019JJ00;0;0;0;115;45;15;20;10;35;15;10;5;0;5;15;
NAT9361  ;2020JJ00;5;5;0;105;45;20;15;10;40;15;5;0;5;0;5;
NAT9363  ;2008JJ00;0;0;0;100;25;15;5;5;25;35;20;0;10;0;20;
NAT9363  ;2009JJ00;5;5;5;85;40;20;20;5;25;15;10;0;5;0;0;
NAT9363  ;2010JJ00;10;5;5;145;65;30;25;10;35;45;35;5;5;0;5;
NAT9363  ;2011JJ00;0;0;0;110;50;20;25;0;40;20;15;0;5;0;5;
NAT9363  ;2012JJ00;5;0;0;100;40;15;15;10;35;20;15;5;5;0;5;
NAT9363  ;2013JJ00;5;0;5;130;50;25;20;5;50;25;20;5;0;0;5;
NAT9363  ;2014JJ00;5;5;5;130;50;25;20;0;45;30;25;0;5;0;5;
NAT9363  ;2015JJ00;0;0;0;150;55;30;20;5;55;30;20;0;5;0;10;
NAT9363  ;2016JJ00;0;0;0;145;60;30;25;5;50;35;30;0;5;0;5;
NAT9363  ;2017JJ00;5;5;0;165;50;30;15;0;70;45;35;5;5;0;5;
NAT9363  ;2018JJ00;0;0;0;225;90;45;35;10;65;55;45;5;5;0;10;
NAT9363  ;2019JJ00;5;5;0;305;120;60;55;5;100;65;55;5;10;0;15;
NAT9363  ;2020JJ00;5;5;0;205;55;25;25;5;105;35;30;0;5;0;10;
NAT9364  ;2008JJ00;0;0;0;200;70;35;30;5;85;40;10;10;25;0;10;
NAT9364  ;2009JJ00;10;5;5;215;70;30;30;10;100;40;10;20;15;0;5;
NAT9364  ;2010JJ00;10;5;5;195;60;25;25;10;85;35;5;20;15;0;10;
NAT9364  ;2011JJ00;0;0;0;205;100;40;50;5;65;35;10;15;15;5;0;
NAT9364  ;2012JJ00;5;5;5;170;55;30;15;10;80;35;5;15;15;0;5;
NAT9364  ;2013JJ00;5;0;0;190;80;50;25;5;80;25;10;15;5;0;5;
NAT9364  ;2014JJ00;10;0;10;160;65;40;20;5;60;30;5;20;5;0;5;
NAT9364  ;2015JJ00;0;0;0;195;75;40;30;5;75;40;15;25;5;0;10;
NAT9364  ;2016JJ00;0;0;0;185;45;30;15;5;85;40;10;15;15;0;10;
NAT9364  ;2017JJ00;5;5;0;210;70;40;20;10;85;35;15;15;10;0;15;
NAT9364  ;2018JJ00;0;0;0;220;85;40;35;10;75;45;10;20;15;0;15;
NAT9364  ;2019JJ00;0;0;0;220;95;35;25;30;55;50;20;20;10;0;20;
NAT9364  ;2020JJ00;0;0;0;195;85;45;30;10;65;30;10;5;10;0;15;
NAT9366  ;2008JJ00;0;0;0;5;0;0;0;0;0;0;0;0;0;0;0;
NAT9366  ;2009JJ00;0;0;0;5;0;0;0;0;0;5;5;0;0;0;0;
NAT9366  ;2010JJ00;0;0;0;5;0;0;0;0;0;5;5;0;0;0;0;
NAT9366  ;2011JJ00;0;0;0;15;5;0;5;0;0;5;5;0;0;0;0;
NAT9366  ;2012JJ00;0;0;0;15;5;5;0;0;5;5;5;0;0;0;0;
NAT9366  ;2013JJ00;0;0;0;75;5;5;0;0;15;55;50;0;5;0;0;
NAT9366  ;2014JJ00;0;0;0;35;5;5;5;0;15;10;10;0;0;0;0;
NAT9366  ;2015JJ00;0;0;0;30;0;0;0;0;20;5;0;5;0;0;0;
NAT9366  ;2016JJ00;0;0;0;20;5;0;0;0;0;15;10;0;0;0;0;
NAT9366  ;2017JJ00;0;0;0;20;10;5;5;0;5;5;5;0;0;0;0;
NAT9366  ;2018JJ00;0;0;0;15;0;0;0;0;0;10;5;0;0;0;0;
NAT9366  ;2019JJ00;0;0;0;20;5;5;5;0;0;10;10;0;0;0;0;
NAT9366  ;2020JJ00;0;0;0;15;5;0;0;0;0;5;5;0;0;0;0;
NAT9367  ;2008JJ00;0;0;0;0;0;0;0;0;0;0;0;0;0;0;0;
NAT9367  ;2009JJ00;5;0;5;45;35;25;0;5;5;0;0;0;0;0;5;
NAT9367  ;2010JJ00;0;0;0;60;50;35;5;5;10;0;0;0;0;0;0;
NAT9367  ;2011JJ00;0;0;0;70;60;45;10;5;5;5;0;0;0;0;0;
NAT9367  ;2012JJ00;0;0;0;80;60;20;30;5;10;0;0;0;0;0;5;
NAT9367  ;2013JJ00;0;0;0;110;90;50;40;5;5;10;5;0;0;0;5;
NAT9367  ;2014JJ00;0;0;0;75;55;35;15;5;10;5;0;0;0;0;5;
NAT9367  ;2015JJ00;0;0;0;60;40;25;10;0;10;0;0;0;0;0;10;
NAT9367  ;2016JJ00;0;0;0;100;70;45;20;0;20;0;0;0;0;0;15;
NAT9367  ;2017JJ00;0;0;0;85;55;30;10;15;10;5;5;0;0;0;15;
NAT9367  ;2018JJ00;0;0;0;100;65;35;10;20;25;0;0;0;0;0;5;
NAT9367  ;2019JJ00;0;0;0;115;60;35;15;10;30;10;10;0;0;0;15;
NAT9367  ;2020JJ00;0;0;0;90;55;35;10;10;15;10;5;0;5;0;5;
NAT9368  ;2008JJ00;0;0;0;125;50;30;15;10;20;25;15;5;5;0;25;
NAT9368  ;2009JJ00;0;0;0;145;55;35;10;10;20;65;10;5;50;0;10;
NAT9368  ;2010JJ00;0;0;0;155;50;35;5;10;35;50;25;5;20;0;15;
NAT9368  ;2011JJ00;0;0;0;210;65;40;20;5;40;100;25;10;65;0;5;
NAT9368  ;2012JJ00;0;0;0;155;55;25;15;15;25;70;30;5;35;0;5;
NAT9368  ;2013JJ00;0;0;0;95;20;10;10;0;10;50;25;0;25;0;15;
NAT9368  ;2014JJ00;0;0;0;0;0;0;0;0;0;0;0;0;0;0;0;
NAT9368  ;2015JJ00;0;0;0;0;0;0;0;0;0;0;0;0;0;0;0;
NAT9368  ;2016JJ00;0;0;0;0;0;0;0;0;0;0;0;0;0;0;0;
NAT9368  ;2017JJ00;0;0;0;0;0;0;0;0;0;0;0;0;0;0;0;
NAT9368  ;2018JJ00;0;0;0;0;0;0;0;0;0;0;0;0;0;0;0;
NAT9368  ;2019JJ00;0;0;0;0;0;0;0;0;0;0;0;0;0;0;0;
NAT9368  ;2020JJ00;0;0;0;0;0;0;0;0;0;0;0;0;0;0;0;
NAT9373  ;2008JJ00;5;0;0;100;25;15;0;10;15;20;15;0;10;0;45;
NAT9373  ;2009JJ00;5;0;5;60;30;20;10;5;5;15;10;0;5;0;10;
NAT9373  ;2010JJ00;0;0;0;60;30;20;0;5;10;15;10;0;0;0;5;
NAT9373  ;2011JJ00;0;0;0;55;25;15;10;5;15;15;10;5;0;0;5;
NAT9373  ;2012JJ00;5;5;0;55;30;20;5;5;10;10;10;0;5;0;5;
NAT9373  ;2013JJ00;0;0;0;85;35;20;10;5;20;25;20;5;5;0;0;
NAT9373  ;2014JJ00;10;0;10;80;30;15;15;5;20;15;10;5;0;0;15;
NAT9373  ;2015JJ00;30;5;30;110;25;15;5;5;45;20;20;0;0;0;15;
NAT9373  ;2016JJ00;25;10;20;115;40;30;5;5;40;25;15;5;5;0;10;
NAT9373  ;2017JJ00;45;5;35;150;40;25;10;5;50;40;25;10;5;0;15;
NAT9373  ;2018JJ00;30;15;15;150;45;25;5;10;45;50;35;10;5;0;10;
NAT9373  ;2019JJ00;25;20;5;230;75;40;15;15;65;75;50;10;15;0;20;
NAT9373  ;2020JJ00;25;15;10;250;90;45;25;20;85;60;35;10;15;0;10;
NAT9374  ;2008JJ00;15;0;0;125;15;5;10;0;0;0;0;0;0;0;110;
NAT9374  ;2009JJ00;25;15;10;75;25;0;20;5;10;0;0;0;0;0;40;
NAT9374  ;2010JJ00;15;5;10;30;15;5;5;5;5;0;0;0;0;0;10;
NAT9374  ;2011JJ00;10;5;5;15;5;0;5;0;0;0;0;0;0;5;5;
NAT9374  ;2012JJ00;10;0;5;10;5;0;5;0;0;0;0;0;0;0;5;
NAT9374  ;2013JJ00;5;5;0;25;10;0;5;5;10;0;0;0;0;5;5;
NAT9374  ;2014JJ00;5;5;5;20;10;0;5;0;5;0;0;0;0;0;5;
NAT9374  ;2015JJ00;5;0;5;15;10;0;5;5;5;0;0;0;0;0;5;
NAT9374  ;2016JJ00;0;0;0;20;15;0;15;0;5;0;0;0;0;0;0;
NAT9374  ;2017JJ00;0;0;0;30;15;5;5;5;5;0;0;0;0;5;5;
NAT9374  ;2018JJ00;0;0;0;30;15;5;5;5;10;0;0;0;0;0;0;
NAT9374  ;2019JJ00;0;0;0;50;15;0;5;10;25;0;0;0;0;0;5;
NAT9374  ;2020JJ00;5;0;0;40;5;0;5;0;30;0;0;0;0;0;0;
NAT9375  ;2008JJ00;30;0;0;30;15;10;5;0;0;5;5;0;0;0;15;
NAT9375  ;2009JJ00;95;90;5;30;20;5;10;5;0;5;5;0;0;0;0;
NAT9375  ;2010JJ00;60;55;10;20;15;5;5;5;0;0;0;0;0;0;5;
NAT9375  ;2011JJ00;10;10;0;25;15;5;5;5;0;10;10;0;0;0;0;
NAT9375  ;2012JJ00;10;5;5;15;15;5;5;0;0;0;0;0;0;0;0;
NAT9375  ;2013JJ00;25;15;5;30;20;5;15;0;5;5;5;0;0;0;0;
NAT9375  ;2014JJ00;20;15;5;45;35;15;20;0;0;10;5;0;0;0;5;
NAT9375  ;2015JJ00;45;35;10;20;10;5;0;0;5;0;0;0;0;0;5;
NAT9375  ;2016JJ00;10;10;5;25;10;5;5;0;10;0;0;0;0;0;0;
NAT9375  ;2017JJ00;15;10;5;35;30;5;10;15;5;0;0;0;0;0;0;
NAT9375  ;2018JJ00;25;20;5;30;20;5;10;5;0;0;0;0;0;0;10;
NAT9375  ;2019JJ00;20;10;10;40;20;5;5;10;5;0;0;0;0;0;10;
NAT9375  ;2020JJ00;30;25;5;25;5;0;5;0;5;5;0;0;0;0;10;
NAT9379  ;2008JJ00;0;0;0;125;55;30;20;5;25;20;5;0;15;0;20;
NAT9379  ;2009JJ00;0;0;0;130;50;40;10;0;25;40;15;0;30;0;10;
NAT9379  ;2010JJ00;0;0;0;110;45;25;10;10;25;25;0;5;15;0;10;
NAT9379  ;2011JJ00;0;0;0;115;60;40;10;10;25;25;10;5;10;0;5;
NAT9379  ;2012JJ00;0;0;0;115;45;20;15;10;30;30;10;5;10;5;5;
NAT9379  ;2013JJ00;0;0;0;175;75;40;30;5;30;65;15;5;45;0;5;
NAT9379  ;2014JJ00;0;0;0;145;55;30;20;5;40;30;20;5;5;0;20;
NAT9379  ;2015JJ00;0;0;0;180;70;40;20;5;35;35;25;5;5;0;40;
NAT9379  ;2016JJ00;0;0;0;205;60;30;15;10;55;50;35;10;0;0;40;
NAT9379  ;2017JJ00;0;0;0;175;80;40;30;15;30;40;30;5;5;0;25;
NAT9379  ;2018JJ00;0;0;0;220;75;30;25;25;40;55;45;5;0;0;50;
NAT9379  ;2019JJ00;0;0;0;230;80;35;30;15;25;50;35;5;5;0;70;
NAT9379  ;2020JJ00;0;0;0;205;70;30;30;10;35;35;25;5;10;0;65;
NAT9382  ;2008JJ00;0;0;0;140;35;10;25;0;85;20;15;0;0;0;0;
NAT9382  ;2009JJ00;0;0;0;230;110;30;85;0;85;25;20;5;0;0;10;
NAT9382  ;2010JJ00;0;0;0;370;135;40;95;0;190;25;20;0;5;0;20;
NAT9382  ;2011JJ00;0;0;0;195;100;35;65;0;60;35;25;5;5;0;0;
NAT9382  ;2012JJ00;0;0;0;150;60;20;35;0;60;30;25;0;0;0;0;
NAT9382  ;2013JJ00;0;0;0;220;90;35;55;0;65;65;60;5;0;0;0;
NAT9382  ;2014JJ00;0;0;0;0;0;0;0;0;0;0;0;0;0;0;0;
NAT9382  ;2015JJ00;0;0;0;5;0;0;0;0;0;0;0;0;0;0;0;
NAT9382  ;2016JJ00;0;0;0;5;0;0;0;0;5;0;0;0;0;0;0;
NAT9382  ;2017JJ00;0;0;0;5;5;0;0;0;0;0;0;0;0;0;0;
NAT9382  ;2018JJ00;0;0;0;5;0;0;0;0;0;0;0;0;0;0;0;
NAT9382  ;2019JJ00;0;0;0;5;0;0;0;0;5;0;0;0;0;0;0;
NAT9382  ;2020JJ00;0;0;0;0;0;0;0;0;0;0;0;0;0;0;0;
NAT9383  ;2008JJ00;0;0;0;265;115;55;50;10;50;100;75;5;20;0;5;
NAT9383  ;2009JJ00;0;0;0;245;90;50;40;5;35;110;65;15;30;0;5;
NAT9383  ;2010JJ00;0;0;0;290;135;65;60;10;30;115;80;25;10;0;5;
NAT9383  ;2011JJ00;5;0;5;240;90;45;40;5;40;105;70;20;15;0;5;
NAT9383  ;2012JJ00;0;0;0;270;120;65;50;10;40;110;80;20;10;0;0;
NAT9383  ;2013JJ00;0;0;0;280;135;65;70;0;45;100;65;30;5;0;0;
NAT9383  ;2014JJ00;0;0;0;280;110;55;50;0;60;105;75;25;0;0;10;
NAT9383  ;2015JJ00;0;0;0;265;85;40;45;0;90;90;80;10;0;0;5;
NAT9383  ;2016JJ00;0;0;0;305;80;45;35;0;80;135;115;15;10;0;10;
NAT9383  ;2017JJ00;0;0;0;270;100;55;40;5;80;75;60;10;5;0;15;
NAT9383  ;2018JJ00;0;0;0;300;85;50;25;5;90;110;90;10;10;0;15;
NAT9383  ;2019JJ00;0;0;0;365;120;60;55;10;110;120;90;15;10;0;15;
NAT9383  ;2020JJ00;0;0;0;200;80;40;30;10;45;65;50;10;5;0;10;
NAT9387  ;2008JJ00;0;0;0;2500;2220;1060;955;205;80;60;25;0;35;0;140;
NAT9387  ;2009JJ00;0;0;0;2290;2035;1045;755;240;55;55;15;0;35;0;140;
NAT9387  ;2010JJ00;0;0;0;2090;1845;1095;565;190;25;70;10;0;60;0;145;
NAT9387  ;2011JJ00;0;0;0;2190;1875;1130;545;200;40;60;10;0;50;5;205;
NAT9387  ;2012JJ00;0;0;0;1745;1505;820;485;200;30;50;5;0;45;0;160;
NAT9387  ;2013JJ00;0;0;0;1970;1685;1055;480;150;35;45;15;5;30;5;200;
NAT9387  ;2014JJ00;5;5;5;1740;1425;995;350;80;40;45;15;0;30;5;220;
NAT9387  ;2015JJ00;15;5;10;1425;1050;690;305;55;45;45;20;0;25;5;280;
NAT9387  ;2016JJ00;25;20;5;1645;1215;890;265;60;60;30;15;0;15;5;335;
NAT9387  ;2017JJ00;30;15;15;1700;1340;890;285;170;85;35;15;0;15;5;235;
NAT9387  ;2018JJ00;10;5;5;2030;1605;1005;260;345;80;35;20;5;10;5;305;
NAT9387  ;2019JJ00;15;10;5;2555;2055;1080;305;665;100;100;60;5;35;5;300;
NAT9387  ;2020JJ00;20;10;10;1835;1440;820;220;395;55;70;30;5;30;0;265;
NAT9390  ;2008JJ00;0;0;0;465;145;95;15;30;170;140;75;15;45;0;10;
NAT9390  ;2009JJ00;0;0;0;435;150;100;15;35;170;100;45;15;40;0;15;
NAT9390  ;2010JJ00;0;0;0;520;155;90;30;35;230;120;55;20;45;0;15;
NAT9390  ;2011JJ00;0;0;0;525;145;95;25;25;265;95;40;25;35;0;15;
NAT9390  ;2012JJ00;0;0;0;465;120;70;25;20;230;105;50;30;25;0;15;
NAT9390  ;2013JJ00;0;0;0;695;195;115;70;10;325;150;55;50;45;0;25;
NAT9390  ;2014JJ00;0;0;0;590;130;100;30;5;305;115;45;50;20;0;35;
NAT9390  ;2015JJ00;0;0;0;730;150;110;40;5;385;140;60;50;30;0;55;
NAT9390  ;2016JJ00;0;0;0;745;135;100;35;5;380;165;75;60;30;0;65;
NAT9390  ;2017JJ00;0;0;0;890;195;135;45;10;435;215;105;60;45;0;50;
NAT9390  ;2018JJ00;0;0;0;950;260;170;70;20;385;230;110;55;65;0;75;
NAT9390  ;2019JJ00;0;0;0;1025;285;185;60;40;405;225;115;50;55;0;115;
NAT9390  ;2020JJ00;0;0;0;720;200;135;45;20;230;205;110;60;35;0;85;
NAT9391  ;2008JJ00;5;0;0;115;40;15;10;15;30;35;5;0;30;0;10;
NAT9391  ;2009JJ00;0;0;0;75;20;10;0;5;20;30;5;0;25;0;5;
NAT9391  ;2010JJ00;0;0;0;80;30;15;10;5;15;25;5;0;20;0;5;
NAT9391  ;2011JJ00;0;0;0;75;15;5;0;5;20;35;5;0;30;0;5;
NAT9391  ;2012JJ00;0;0;0;60;20;5;5;10;15;25;5;0;20;0;0;
NAT9391  ;2013JJ00;0;0;0;65;30;10;10;5;15;15;10;0;10;0;5;
NAT9391  ;2014JJ00;0;0;0;35;10;5;0;0;10;5;0;0;0;0;10;
NAT9391  ;2015JJ00;5;0;5;30;10;5;5;0;10;5;0;0;5;0;10;
NAT9391  ;2016JJ00;0;0;0;50;20;10;5;0;10;10;10;0;0;0;10;
NAT9391  ;2017JJ00;0;0;0;65;20;10;5;0;15;10;10;0;0;0;25;
NAT9391  ;2018JJ00;0;0;0;55;15;10;5;5;10;10;5;0;5;0;15;
NAT9391  ;2019JJ00;0;0;0;70;15;5;5;5;15;5;5;0;0;0;35;
NAT9391  ;2020JJ00;5;0;0;70;20;10;5;5;15;10;5;0;0;0;25;
NAT9393  ;2008JJ00;5;0;0;75;15;5;5;5;5;15;0;0;10;0;40;
NAT9393  ;2009JJ00;5;0;5;45;15;5;5;5;15;10;0;5;5;0;10;
NAT9393  ;2010JJ00;5;5;0;35;10;5;0;5;15;0;0;0;0;0;5;
NAT9393  ;2011JJ00;5;5;0;20;5;5;0;0;10;5;0;5;0;0;0;
NAT9393  ;2012JJ00;0;0;0;40;20;5;5;5;15;5;0;0;0;0;0;
NAT9393  ;2013JJ00;0;0;0;40;20;5;10;5;10;5;0;5;0;0;5;
NAT9393  ;2014JJ00;15;10;5;20;5;5;0;0;5;0;0;0;0;0;5;
NAT9393  ;2015JJ00;5;0;5;35;10;10;5;0;10;10;5;5;0;0;5;
NAT9393  ;2016JJ00;5;5;0;45;20;10;10;0;10;5;0;5;0;0;5;
NAT9393  ;2017JJ00;10;5;5;45;25;10;10;5;10;5;0;5;0;0;5;
NAT9393  ;2018JJ00;0;0;0;35;25;10;10;5;5;5;0;5;0;0;0;
NAT9393  ;2019JJ00;0;0;0;60;15;10;5;5;5;5;0;5;0;0;40;
NAT9393  ;2020JJ00;0;0;0;25;5;0;0;5;5;5;0;0;0;0;5;
NAT9396  ;2008JJ00;165;0;0;15;5;0;0;5;0;0;0;0;0;0;10;
NAT9396  ;2009JJ00;95;80;15;10;0;0;0;0;10;0;0;0;0;0;0;
NAT9396  ;2010JJ00;165;65;100;10;5;5;0;0;5;0;0;0;0;0;0;
NAT9396  ;2011JJ00;145;100;45;10;5;0;5;0;5;0;0;0;0;0;0;
NAT9396  ;2012JJ00;35;15;20;10;5;5;5;0;0;5;0;0;0;0;0;
NAT9396  ;2013JJ00;55;20;35;25;10;0;10;0;5;5;0;0;0;0;0;
NAT9396  ;2014JJ00;30;20;15;30;10;0;10;0;15;0;0;0;0;0;0;
NAT9396  ;2015JJ00;30;25;5;25;5;5;5;0;15;5;0;5;0;0;0;
NAT9396  ;2016JJ00;35;25;10;20;10;5;5;0;5;5;0;5;0;0;0;
NAT9396  ;2017JJ00;30;10;25;35;15;5;5;0;20;0;0;0;0;0;0;
NAT9396  ;2018JJ00;20;10;10;20;5;5;5;0;10;0;0;0;0;0;0;
NAT9396  ;2019JJ00;10;5;5;40;10;5;5;0;20;5;0;0;5;0;0;
NAT9396  ;2020JJ00;10;10;0;30;10;5;5;0;15;0;0;0;0;0;0;
NAT9399  ;2008JJ00;65;0;0;145;30;15;5;5;80;20;10;0;10;0;15;
NAT9399  ;2009JJ00;45;15;30;185;40;20;10;5;130;10;5;0;5;0;5;
NAT9399  ;2010JJ00;45;25;15;170;35;20;10;5;115;15;5;5;5;0;0;
NAT9399  ;2011JJ00;50;30;20;120;35;20;5;5;75;15;10;0;5;0;0;
NAT9399  ;2012JJ00;35;10;25;165;40;25;10;5;80;40;5;5;30;0;5;
NAT9399  ;2013JJ00;45;15;25;170;60;30;25;0;85;25;5;10;5;0;0;
NAT9399  ;2014JJ00;55;15;40;190;75;55;15;0;90;15;5;5;5;0;10;
NAT9399  ;2015JJ00;20;0;15;170;50;40;5;0;95;20;5;5;10;0;5;
NAT9399  ;2016JJ00;10;5;5;250;70;45;20;0;135;35;10;15;10;0;10;
NAT9399  ;2017JJ00;5;5;0;190;60;40;15;5;90;30;10;10;10;0;5;
NAT9399  ;2018JJ00;0;0;0;180;65;45;15;5;65;40;5;10;25;0;10;
NAT9399  ;2019JJ00;5;5;0;190;70;45;20;5;75;35;10;5;20;0;15;
NAT9399  ;2020JJ00;5;5;5;115;40;20;15;0;40;25;5;5;20;0;10;
NAT9401  ;2008JJ00;0;0;0;280;65;30;15;15;25;60;55;0;5;0;130;
NAT9401  ;2009JJ00;0;0;0;220;55;20;5;30;10;45;35;0;10;0;110;
NAT9401  ;2010JJ00;0;0;0;275;50;30;10;10;15;65;50;5;10;0;145;
NAT9401  ;2011JJ00;0;0;0;245;70;25;25;20;10;50;45;5;5;0;115;
NAT9401  ;2012JJ00;0;0;0;260;65;25;15;25;15;55;45;5;5;0;125;
NAT9401  ;2013JJ00;0;0;0;300;60;35;25;0;20;55;50;0;5;0;165;
NAT9401  ;2014JJ00;0;0;0;310;60;35;25;0;15;65;60;5;0;0;165;
NAT9401  ;2015JJ00;0;0;0;450;70;40;25;0;40;90;70;5;15;0;245;
NAT9401  ;2016JJ00;0;0;0;405;60;35;20;5;40;65;50;5;10;0;240;
NAT9401  ;2017JJ00;0;0;0;520;95;50;35;5;45;95;85;0;10;0;290;
NAT9401  ;2018JJ00;0;0;0;520;70;40;25;5;40;120;95;10;15;0;290;
NAT9401  ;2019JJ00;0;0;0;565;100;55;25;20;65;125;100;5;15;0;280;
NAT9401  ;2020JJ00;0;0;0;285;70;45;20;5;15;70;65;5;5;0;130;
NAT9403  ;2008JJ00;20;0;0;660;315;100;125;85;105;50;35;5;10;0;190;
NAT9403  ;2009JJ00;20;10;10;585;335;95;135;105;110;30;20;5;10;0;110;
NAT9403  ;2010JJ00;15;5;10;595;280;70;130;80;125;55;40;5;10;0;140;
NAT9403  ;2011JJ00;25;15;5;565;300;95;130;75;100;40;20;5;10;110;20;
NAT9403  ;2012JJ00;15;15;0;545;315;60;175;75;100;40;30;5;10;80;10;
NAT9403  ;2013JJ00;20;15;5;660;345;85;215;45;135;65;45;10;10;45;70;
NAT9403  ;2014JJ00;65;55;5;560;280;75;155;50;120;60;35;15;10;30;65;
NAT9403  ;2015JJ00;70;55;15;510;180;45;110;25;140;50;30;15;5;35;105;
NAT9403  ;2016JJ00;75;55;20;455;170;50;85;35;100;55;30;15;10;25;100;
NAT9403  ;2017JJ00;55;45;15;555;270;70;110;85;110;80;55;15;15;40;60;
NAT9403  ;2018JJ00;40;25;15;770;340;100;115;125;145;100;75;15;15;105;80;
NAT9403  ;2019JJ00;35;20;10;1000;345;95;130;125;230;130;65;25;35;195;100;
NAT9403  ;2020JJ00;30;25;5;630;270;75;105;95;190;75;40;15;20;40;55;
NAT9407  ;2008JJ00;20;0;0;55;20;5;5;5;10;5;5;0;0;0;25;
NAT9407  ;2009JJ00;10;5;5;40;15;10;0;5;10;0;0;0;0;0;15;
NAT9407  ;2010JJ00;10;10;0;35;20;15;5;5;10;5;5;0;5;0;0;
NAT9407  ;2011JJ00;10;5;5;25;20;10;5;0;5;5;5;0;0;0;0;
NAT9407  ;2012JJ00;5;5;0;40;15;5;5;5;20;5;0;5;0;0;0;
NAT9407  ;2013JJ00;0;0;0;40;10;5;5;0;5;10;5;5;5;0;10;
NAT9407  ;2014JJ00;5;0;5;55;15;15;5;0;20;15;5;5;5;0;5;
NAT9407  ;2015JJ00;5;5;0;45;10;5;5;0;15;5;5;0;0;0;10;
NAT9407  ;2016JJ00;0;0;0;45;15;10;5;0;15;10;5;5;0;0;5;
NAT9407  ;2017JJ00;5;0;0;50;15;10;5;5;15;10;5;5;0;0;10;
NAT9407  ;2018JJ00;0;0;0;50;20;10;5;5;15;15;10;0;0;0;0;
NAT9407  ;2019JJ00;0;0;0;55;20;10;10;5;30;5;5;0;0;0;5;
NAT9407  ;2020JJ00;5;0;0;50;15;5;10;0;25;5;5;0;0;0;5;
NAT9408  ;2008JJ00;0;0;0;25;5;0;5;0;15;5;5;0;0;0;0;
NAT9408  ;2009JJ00;0;0;0;20;0;0;0;0;15;5;0;0;0;0;0;
NAT9408  ;2010JJ00;0;0;0;10;0;0;0;0;5;0;0;0;0;0;0;
NAT9408  ;2011JJ00;0;0;0;25;5;0;5;0;10;10;5;0;0;0;0;
NAT9408  ;2012JJ00;0;0;0;70;10;5;5;0;55;5;5;0;5;0;0;
NAT9408  ;2013JJ00;0;0;0;95;15;5;10;0;45;15;10;0;5;0;20;
NAT9408  ;2014JJ00;0;0;0;95;25;5;20;0;40;10;10;0;0;0;20;
NAT9408  ;2015JJ00;0;0;0;75;15;5;10;0;45;15;10;0;0;0;0;
NAT9408  ;2016JJ00;0;0;0;80;20;5;15;0;40;15;0;0;10;0;0;
NAT9408  ;2017JJ00;0;0;0;75;25;5;20;0;45;5;5;0;0;0;0;
NAT9408  ;2018JJ00;0;0;0;65;25;5;15;0;35;10;10;0;0;0;0;
NAT9408  ;2019JJ00;0;0;0;105;20;5;15;0;70;15;10;5;0;0;0;
NAT9408  ;2020JJ00;0;0;0;55;10;0;5;0;40;5;5;0;0;0;0;
NAT9410  ;2008JJ00;0;0;0;490;250;140;75;35;95;100;40;50;10;0;45;
NAT9410  ;2009JJ00;10;10;0;450;310;145;85;80;65;45;15;15;15;0;30;
NAT9410  ;2010JJ00;20;15;5;440;310;155;85;70;55;55;20;10;20;0;20;
NAT9410  ;2011JJ00;45;35;10;515;340;190;75;75;80;85;30;30;25;0;10;
NAT9410  ;2012JJ00;70;40;35;465;300;150;85;65;70;85;30;25;30;0;5;
NAT9410  ;2013JJ00;60;25;35;615;380;200;140;40;110;100;50;35;15;0;20;
NAT9410  ;2014JJ00;70;45;25;475;255;155;85;15;100;65;30;20;10;0;60;
NAT9410  ;2015JJ00;150;90;65;565;230;135;80;10;150;95;40;40;15;0;90;
NAT9410  ;2016JJ00;100;60;40;665;285;180;95;10;185;80;45;20;15;0;115;
NAT9410  ;2017JJ00;165;70;95;750;365;210;125;30;170;135;75;40;20;0;80;
NAT9410  ;2018JJ00;160;80;75;840;415;215;150;50;160;165;85;50;30;5;95;
NAT9410  ;2019JJ00;155;80;80;995;475;235;175;65;195;200;90;55;60;5;120;
NAT9410  ;2020JJ00;310;195;115;685;350;175;145;25;115;135;50;40;45;0;85;
NAT9414  ;2008JJ00;0;0;0;350;140;100;20;20;50;145;15;5;125;0;10;
NAT9414  ;2009JJ00;0;0;0;265;125;90;15;20;55;75;10;5;60;0;10;
NAT9414  ;2010JJ00;5;0;5;275;140;100;15;20;80;50;10;5;35;0;5;
NAT9414  ;2011JJ00;0;0;0;245;125;95;15;20;70;45;5;0;40;0;10;
NAT9414  ;2012JJ00;0;0;0;195;70;45;5;20;70;50;10;5;35;0;5;
NAT9414  ;2013JJ00;0;0;0;230;100;55;25;20;70;45;10;10;30;0;10;
NAT9414  ;2014JJ00;0;0;0;185;65;45;10;10;75;30;10;5;20;0;10;
NAT9414  ;2015JJ00;0;0;0;200;60;45;10;5;90;20;10;5;5;0;25;
NAT9414  ;2016JJ00;0;0;0;205;60;45;10;0;90;25;10;5;10;0;30;
NAT9414  ;2017JJ00;0;0;0;250;70;50;10;10;120;35;15;5;15;0;25;
NAT9414  ;2018JJ00;0;0;0;360;130;95;20;20;145;50;30;5;10;0;35;
NAT9414  ;2019JJ00;0;0;0;340;105;65;20;20;140;50;35;10;10;0;45;
NAT9414  ;2020JJ00;0;0;0;215;85;55;15;20;65;30;15;5;5;0;35;
NAT9418  ;2008JJ00;40;0;0;1245;520;290;140;90;250;280;185;10;90;0;190;
NAT9418  ;2009JJ00;25;15;10;1065;505;290;140;80;240;260;150;30;80;0;55;
NAT9418  ;2010JJ00;15;5;10;1075;495;285;145;65;285;255;155;40;60;0;35;
NAT9418  ;2011JJ00;25;15;10;1240;580;340;165;75;370;255;180;30;50;5;30;
NAT9418  ;2012JJ00;35;15;20;1340;655;350;185;125;345;320;225;35;65;0;15;
NAT9418  ;2013JJ00;35;15;20;1715;795;410;295;85;460;390;275;55;55;0;70;
NAT9418  ;2014JJ00;55;25;30;1540;645;410;220;20;450;385;305;50;30;0;55;
NAT9418  ;2015JJ00;50;35;15;1740;690;430;245;15;475;465;375;60;25;0;105;
NAT9418  ;2016JJ00;40;25;15;1965;835;530;285;20;465;525;445;50;35;0;135;
NAT9418  ;2017JJ00;35;20;15;2180;900;525;345;30;530;585;500;45;40;0;160;
NAT9418  ;2018JJ00;70;45;20;2385;1000;600;355;45;545;675;575;50;45;0;165;
NAT9418  ;2019JJ00;60;45;15;2615;1045;610;385;50;685;675;560;55;60;0;210;
NAT9418  ;2020JJ00;95;75;20;2040;855;500;305;45;515;510;395;60;50;0;165;
NAT9419  ;2008JJ00;15;0;0;100;5;5;0;0;40;5;0;5;0;0;50;
NAT9419  ;2009JJ00;20;5;10;90;10;5;5;0;70;5;0;5;0;0;5;
NAT9419  ;2010JJ00;10;0;10;95;5;5;5;0;75;10;0;10;0;0;5;
NAT9419  ;2011JJ00;10;5;5;55;10;0;5;0;35;10;0;10;0;0;0;
NAT9419  ;2012JJ00;5;5;0;75;10;5;5;0;55;10;0;5;0;0;0;
NAT9419  ;2013JJ00;5;0;5;65;5;5;5;0;50;10;0;10;0;0;0;
NAT9419  ;2014JJ00;10;0;10;65;5;0;0;0;50;10;0;5;0;0;0;
NAT9419  ;2015JJ00;5;0;0;45;15;10;5;5;20;5;0;5;0;0;0;
NAT9419  ;2016JJ00;5;5;0;45;10;5;5;0;25;5;0;5;0;0;5;
NAT9419  ;2017JJ00;0;0;0;60;15;5;5;5;35;10;5;5;0;0;0;
NAT9419  ;2018JJ00;5;0;0;55;15;5;10;0;30;5;0;5;0;0;0;
NAT9419  ;2019JJ00;5;0;5;75;20;10;10;5;35;15;5;5;5;0;5;
NAT9419  ;2020JJ00;0;0;0;55;15;5;10;5;30;5;5;0;0;0;0;
NAT9422  ;2008JJ00;0;0;0;10;5;5;0;0;5;0;0;0;0;0;0;
NAT9422  ;2009JJ00;5;0;5;5;0;0;0;0;5;0;0;0;0;0;0;
NAT9422  ;2010JJ00;0;0;0;10;5;5;0;0;5;0;0;0;0;0;0;
NAT9422  ;2011JJ00;0;0;0;10;5;5;0;0;5;0;0;0;0;0;0;
NAT9422  ;2012JJ00;0;0;0;15;10;5;0;5;5;0;0;0;0;0;0;
NAT9422  ;2013JJ00;0;0;0;15;5;5;0;0;5;5;5;0;0;0;0;
NAT9422  ;2014JJ00;0;0;0;15;0;0;0;0;10;5;0;0;5;0;0;
NAT9422  ;2015JJ00;0;0;0;20;5;5;0;0;15;0;0;0;0;0;0;
NAT9422  ;2016JJ00;0;0;0;15;5;5;0;0;10;5;5;0;0;0;0;
NAT9422  ;2017JJ00;10;5;5;20;5;5;0;0;5;5;5;0;0;0;0;
NAT9422  ;2018JJ00;15;10;5;30;10;10;5;0;10;5;5;0;0;0;5;
NAT9422  ;2019JJ00;0;0;0;30;10;5;0;5;10;5;0;0;5;0;5;
NAT9422  ;2020JJ00;0;0;0;20;15;5;5;0;5;5;5;0;0;0;0;
NAT9425  ;2008JJ00;0;0;0;0;0;0;0;0;0;0;0;0;0;0;0;
NAT9425  ;2009JJ00;0;0;0;0;0;0;0;0;0;0;0;0;0;0;0;
NAT9425  ;2010JJ00;0;0;0;0;0;0;0;0;0;0;0;0;0;0;0;
NAT9425  ;2011JJ00;0;0;0;0;0;0;0;0;0;0;0;0;0;0;0;
NAT9425  ;2012JJ00;0;0;0;0;0;0;0;0;0;0;0;0;0;0;0;
NAT9425  ;2013JJ00;0;0;0;0;0;0;0;0;0;0;0;0;0;0;0;
NAT9425  ;2014JJ00;5;0;0;170;85;25;60;0;35;50;40;10;0;0;0;
NAT9425  ;2015JJ00;0;0;0;155;75;30;45;0;40;45;30;10;0;0;0;
NAT9425  ;2016JJ00;0;0;0;205;100;35;60;0;70;35;15;20;0;0;0;
NAT9425  ;2017JJ00;5;0;0;180;100;30;70;0;45;40;20;15;0;0;0;
NAT9425  ;2018JJ00;5;5;5;135;45;15;25;0;60;30;15;15;0;0;0;
NAT9425  ;2019JJ00;10;5;5;185;90;35;50;0;50;45;35;5;0;0;0;
NAT9425  ;2020JJ00;5;5;0;95;60;15;40;0;20;15;10;5;0;0;0;
NAT9428  ;2008JJ00;10;0;0;605;205;130;35;35;45;80;55;0;20;0;280;
NAT9428  ;2009JJ00;5;0;0;335;160;90;30;35;50;75;45;5;20;0;55;
NAT9428  ;2010JJ00;5;5;0;280;150;85;35;30;40;65;35;10;20;0;25;
NAT9428  ;2011JJ00;0;0;0;290;150;95;35;20;50;70;40;20;10;0;25;
NAT9428  ;2012JJ00;5;0;5;360;180;95;55;30;65;85;50;15;20;0;25;
NAT9428  ;2013JJ00;5;0;5;395;190;95;60;35;60;90;45;20;25;0;55;
NAT9428  ;2014JJ00;0;0;0;315;145;95;50;5;45;80;50;20;10;0;40;
NAT9428  ;2015JJ00;5;0;0;365;160;90;65;5;65;100;70;25;5;0;40;
NAT9428  ;2016JJ00;0;0;0;415;160;95;55;15;75;120;80;25;10;0;55;
NAT9428  ;2017JJ00;0;0;0;410;170;90;60;20;70;115;90;15;10;0;50;
NAT9428  ;2018JJ00;0;0;0;455;200;100;60;40;70;130;95;25;10;0;55;
NAT9428  ;2019JJ00;0;0;0;530;245;120;85;45;80;125;90;20;15;0;75;
NAT9428  ;2020JJ00;0;0;0;420;205;100;80;25;50;90;65;15;10;0;70;
NAT9431  ;2008JJ00;90;0;0;615;55;15;35;5;0;0;0;0;0;0;560;
NAT9431  ;2009JJ00;110;70;40;290;85;15;60;10;0;0;0;0;0;0;200;
NAT9431  ;2010JJ00;70;50;25;105;45;15;20;15;5;0;0;0;0;0;55;
NAT9431  ;2011JJ00;55;40;10;90;35;5;20;10;0;0;0;0;0;40;15;
NAT9431  ;2012JJ00;40;30;10;115;50;5;35;10;0;0;0;0;0;50;15;
NAT9431  ;2013JJ00;45;20;25;120;75;5;35;30;5;0;0;0;0;20;20;
NAT9431  ;2014JJ00;70;50;25;105;55;10;30;15;5;0;0;0;0;10;35;
NAT9431  ;2015JJ00;65;35;35;95;50;5;30;15;0;0;0;0;0;10;30;
NAT9431  ;2016JJ00;55;30;25;90;40;5;20;15;5;0;0;0;0;5;40;
NAT9431  ;2017JJ00;65;25;40;95;70;5;35;30;0;0;0;0;0;5;20;
NAT9431  ;2018JJ00;25;15;5;125;60;5;25;25;10;0;0;0;0;25;30;
NAT9431  ;2019JJ00;25;15;10;125;75;5;40;25;10;0;0;0;0;15;25;
NAT9431  ;2020JJ00;10;10;0;100;55;5;25;20;25;0;0;0;0;10;15;
NAT9432  ;2008JJ00;0;0;0;180;50;25;10;10;90;40;35;0;5;0;5;
NAT9432  ;2009JJ00;0;0;0;180;30;15;5;10;115;35;25;5;5;0;0;
NAT9432  ;2010JJ00;0;0;0;280;40;25;15;5;195;40;35;5;0;0;5;
NAT9432  ;2011JJ00;0;0;0;270;45;25;15;5;185;35;30;0;5;0;0;
NAT9432  ;2012JJ00;0;0;0;300;50;25;20;5;210;40;35;0;5;0;0;
NAT9432  ;2013JJ00;0;0;0;420;50;25;20;0;315;55;45;5;10;0;0;
NAT9432  ;2014JJ00;0;0;0;390;45;30;15;0;285;55;45;5;5;0;5;
NAT9432  ;2015JJ00;0;0;0;455;55;30;20;5;330;50;40;5;0;0;15;
NAT9432  ;2016JJ00;0;0;0;490;75;45;25;0;360;45;40;0;5;0;5;
NAT9432  ;2017JJ00;0;0;0;510;50;30;15;5;385;75;65;5;5;0;5;
NAT9432  ;2018JJ00;0;0;0;495;40;20;10;5;380;65;50;5;5;0;10;
NAT9432  ;2019JJ00;0;0;0;635;60;40;10;10;490;70;60;10;5;0;15;
NAT9432  ;2020JJ00;0;0;0;150;50;30;15;5;55;40;30;5;5;0;10;
NAT9437  ;2008JJ00;35;0;0;775;45;25;20;0;5;5;0;0;0;0;720;
NAT9437  ;2009JJ00;45;30;15;255;55;35;15;0;10;5;0;0;5;0;185;
NAT9437  ;2010JJ00;65;55;10;90;50;30;20;0;10;5;0;5;0;0;25;
NAT9437  ;2011JJ00;120;100;25;95;60;40;20;0;15;10;0;5;0;0;10;
NAT9437  ;2012JJ00;70;60;10;90;60;25;30;5;15;15;5;0;5;0;0;
NAT9437  ;2013JJ00;85;50;30;85;55;25;25;5;15;10;5;5;0;0;5;
NAT9437  ;2014JJ00;80;45;40;90;65;30;35;5;15;0;0;0;0;0;10;
NAT9437  ;2015JJ00;140;120;15;70;40;10;25;5;20;5;5;0;0;0;5;
NAT9437  ;2016JJ00;155;115;35;55;40;20;15;0;10;0;0;0;0;0;5;
NAT9437  ;2017JJ00;150;100;50;80;50;15;30;5;20;5;5;0;0;0;5;
NAT9437  ;2018JJ00;210;120;90;120;90;25;40;25;15;5;5;5;0;0;0;
NAT9437  ;2019JJ00;140;80;60;135;85;25;45;20;15;15;5;5;5;0;15;
NAT9437  ;2020JJ00;135;60;70;120;80;30;40;10;25;5;0;5;5;0;10;
NAT9438  ;2008JJ00;1515;0;0;490;35;5;25;0;0;0;0;0;0;0;450;
NAT9438  ;2009JJ00;3875;1575;2305;100;60;15;35;10;0;0;0;0;0;0;40;
NAT9438  ;2010JJ00;3585;1900;1680;50;40;10;20;10;0;0;0;0;0;0;10;
NAT9438  ;2011JJ00;2360;1765;595;45;35;15;20;5;0;0;0;0;0;0;10;
NAT9438  ;2012JJ00;1060;860;200;35;30;5;15;10;0;0;0;0;0;0;5;
NAT9438  ;2013JJ00;2730;170;2555;180;165;20;60;85;0;0;0;0;0;0;10;
NAT9438  ;2014JJ00;1345;160;1185;165;150;10;85;55;0;0;0;0;0;0;15;
NAT9438  ;2015JJ00;545;105;435;170;160;10;100;50;5;0;0;0;0;0;5;
NAT9438  ;2016JJ00;385;120;265;140;130;10;85;35;0;0;0;0;0;0;10;
NAT9438  ;2017JJ00;230;110;125;140;125;10;50;65;5;0;0;0;0;0;10;
NAT9438  ;2018JJ00;255;65;190;195;180;15;75;90;5;0;0;0;0;0;10;
NAT9438  ;2019JJ00;100;40;60;205;135;10;55;70;5;5;5;0;0;0;65;
NAT9438  ;2020JJ00;90;55;35;105;95;20;35;40;5;0;0;0;0;0;10;
NAT9441  ;2008JJ00;60;0;0;220;75;55;10;10;40;20;15;5;5;0;85;
NAT9441  ;2009JJ00;80;40;45;125;65;50;15;5;40;10;5;0;5;0;10;
NAT9441  ;2010JJ00;80;70;10;120;70;50;15;5;35;10;5;0;5;0;5;
NAT9441  ;2011JJ00;140;85;50;135;85;65;20;0;25;15;5;5;5;0;5;
NAT9441  ;2012JJ00;90;40;50;130;80;55;25;5;15;30;5;5;20;0;5;
NAT9441  ;2013JJ00;105;40;65;150;105;60;35;10;30;5;0;0;0;0;10;
NAT9441  ;2014JJ00;80;35;40;110;75;55;15;5;25;5;5;5;0;0;5;
NAT9441  ;2015JJ00;60;25;35;125;75;45;30;0;30;10;5;0;0;0;5;
NAT9441  ;2016JJ00;25;10;15;140;90;60;25;5;35;10;5;5;0;0;5;
NAT9441  ;2017JJ00;20;10;5;125;80;60;20;5;30;10;10;0;0;0;5;
NAT9441  ;2018JJ00;25;10;15;160;90;55;30;5;40;25;15;5;5;0;10;
NAT9441  ;2019JJ00;5;0;5;205;110;65;30;10;50;35;30;0;5;0;10;
NAT9441  ;2020JJ00;20;15;5;125;70;45;20;5;35;15;10;5;0;0;5;
NAT9442  ;2008JJ00;0;0;0;1460;1210;710;465;35;150;40;20;0;20;0;55;
NAT9442  ;2009JJ00;0;0;0;1285;1045;665;340;35;140;50;15;5;25;0;50;
NAT9442  ;2010JJ00;0;0;0;1105;870;550;265;50;145;45;15;10;20;0;50;
NAT9442  ;2011JJ00;0;0;0;960;800;550;220;30;115;25;5;5;15;0;20;
NAT9442  ;2012JJ00;0;0;0;855;670;450;175;45;135;25;10;0;10;10;15;
NAT9442  ;2013JJ00;0;0;0;825;680;440;195;45;105;20;15;0;5;0;15;
NAT9442  ;2014JJ00;0;0;0;755;600;380;165;55;100;15;10;0;5;0;35;
NAT9442  ;2015JJ00;0;0;0;670;470;300;120;50;125;15;5;0;10;0;55;
NAT9442  ;2016JJ00;0;0;0;700;470;315;130;30;155;20;10;5;5;0;50;
NAT9442  ;2017JJ00;0;0;0;1030;770;465;175;130;190;20;10;0;5;0;45;
NAT9442  ;2018JJ00;0;0;0;1230;940;530;225;185;205;45;20;5;20;0;40;
NAT9442  ;2019JJ00;0;0;0;1450;1105;530;235;340;250;45;25;5;15;0;50;
NAT9442  ;2020JJ00;0;0;0;1090;865;430;205;230;160;25;15;0;10;0;35;
NAT9444  ;2008JJ00;15;0;0;265;65;50;10;5;5;5;5;0;0;0;190;
NAT9444  ;2009JJ00;25;20;5;125;80;65;5;10;5;5;0;0;0;0;35;
NAT9444  ;2010JJ00;95;35;65;110;85;70;5;10;5;5;5;0;0;0;10;
NAT9444  ;2011JJ00;25;15;10;90;70;55;5;10;10;5;0;0;0;0;5;
NAT9444  ;2012JJ00;610;595;15;85;65;50;10;10;5;10;10;0;0;0;0;
NAT9444  ;2013JJ00;2070;1705;365;95;70;30;25;10;15;10;5;0;0;0;0;
NAT9444  ;2014JJ00;8265;5390;2875;205;180;35;50;95;15;10;5;0;0;0;5;
NAT9444  ;2015JJ00;17000;8100;8905;665;615;45;250;320;25;15;10;5;0;0;10;
NAT9444  ;2016JJ00;22080;13680;8400;1530;1485;30;910;545;20;20;15;0;5;0;5;
NAT9444  ;2017JJ00;13660;5050;8610;3360;3315;30;1320;1960;25;15;10;0;0;0;10;
NAT9444  ;2018JJ00;4555;2400;2155;2750;2705;75;1920;705;25;15;10;0;0;0;5;
NAT9444  ;2019JJ00;4630;3250;1380;2235;2135;135;1685;315;25;25;20;5;5;0;45;
NAT9444  ;2020JJ00;6155;4620;1535;1880;1825;140;1400;290;20;20;10;0;10;0;10;
NAT9446  ;2008JJ00;0;0;0;480;145;50;85;10;190;135;85;10;40;0;10;
NAT9446  ;2009JJ00;0;0;0;430;140;55;75;5;165;120;70;20;30;0;5;
NAT9446  ;2010JJ00;20;0;20;455;135;60;70;5;195;115;60;15;40;0;5;
NAT9446  ;2011JJ00;0;0;0;485;150;80;60;5;200;135;65;15;50;0;5;
NAT9446  ;2012JJ00;0;0;0;370;95;35;50;10;180;85;50;10;25;0;5;
NAT9446  ;2013JJ00;0;0;0;505;120;55;65;5;240;135;75;30;30;0;10;
NAT9446  ;2014JJ00;0;0;0;465;105;50;55;0;265;85;60;15;10;0;5;
NAT9446  ;2015JJ00;0;0;0;565;135;70;60;5;310;105;75;15;15;0;15;
NAT9446  ;2016JJ00;0;0;0;720;165;85;80;0;390;140;100;25;15;0;20;
NAT9446  ;2017JJ00;0;0;0;785;160;80;75;5;425;180;125;20;30;0;20;
NAT9446  ;2018JJ00;0;0;0;920;170;85;80;0;565;160;125;15;20;0;25;
NAT9446  ;2019JJ00;0;0;0;1020;180;95;70;15;620;200;120;30;55;0;20;
NAT9446  ;2020JJ00;0;0;0;620;145;80;60;5;265;120;80;20;20;0;90;
NAT9447  ;2008JJ00;0;0;0;125;10;5;5;0;90;15;5;10;5;0;5;
NAT9447  ;2009JJ00;0;0;0;150;5;5;0;0;120;25;0;25;5;0;0;
NAT9447  ;2010JJ00;0;0;0;105;10;5;5;0;80;10;0;5;0;0;0;
NAT9447  ;2011JJ00;0;0;0;85;5;5;0;0;60;15;5;15;0;5;0;
NAT9447  ;2012JJ00;0;0;0;90;10;5;5;0;65;10;0;10;0;0;0;
NAT9447  ;2013JJ00;0;0;0;95;10;5;5;0;65;15;5;10;0;0;0;
NAT9447  ;2014JJ00;0;0;0;75;15;10;5;0;50;10;0;10;0;0;0;
NAT9447  ;2015JJ00;0;0;0;90;15;10;5;0;60;10;0;10;0;0;5;
NAT9447  ;2016JJ00;5;0;5;85;15;5;5;0;55;10;5;5;0;0;5;
NAT9447  ;2017JJ00;5;5;0;105;20;10;0;10;65;20;5;15;0;0;5;
NAT9447  ;2018JJ00;5;0;0;80;35;15;10;10;30;15;5;10;0;0;0;
NAT9447  ;2019JJ00;0;0;0;80;40;20;5;15;20;15;5;5;5;0;0;
NAT9447  ;2020JJ00;0;0;0;55;20;5;10;10;20;5;0;5;0;5;5;
NAT9448  ;2008JJ00;0;0;0;895;680;450;180;50;75;95;20;30;50;0;40;
NAT9448  ;2009JJ00;0;0;0;835;655;445;160;45;75;75;15;15;45;0;30;
NAT9448  ;2010JJ00;0;0;0;760;610;445;125;45;65;60;10;15;35;0;25;
NAT9448  ;2011JJ00;0;0;0;745;570;405;125;35;75;70;10;20;40;0;30;
NAT9448  ;2012JJ00;0;0;0;680;435;280;120;35;135;75;20;30;20;0;40;
NAT9448  ;2013JJ00;0;0;0;725;455;305;120;30;115;95;15;30;55;0;55;
NAT9448  ;2014JJ00;0;0;0;595;370;265;90;15;100;70;10;25;35;0;50;
NAT9448  ;2015JJ00;0;0;0;620;355;250;100;5;140;70;10;30;30;0;55;
NAT9448  ;2016JJ00;0;0;0;690;410;300;105;5;155;55;15;15;25;0;70;
NAT9448  ;2017JJ00;0;0;0;695;400;280;105;15;150;70;15;25;30;0;75;
NAT9448  ;2018JJ00;5;0;0;755;435;295;100;40;160;90;15;20;55;0;70;
NAT9448  ;2019JJ00;0;0;0;895;525;340;105;80;175;65;10;20;35;0;130;
NAT9448  ;2020JJ00;0;0;0;565;350;255;70;25;70;55;5;20;30;0;95;
NAT9450  ;2008JJ00;10;0;0;160;20;10;5;5;0;0;0;0;0;0;135;
NAT9450  ;2009JJ00;5;5;0;65;30;10;10;10;0;0;0;0;0;0;30;
NAT9450  ;2010JJ00;5;0;5;30;15;5;5;5;0;0;0;0;0;0;10;
NAT9450  ;2011JJ00;5;5;0;30;20;10;10;0;0;5;0;0;5;0;0;
NAT9450  ;2012JJ00;5;0;5;30;25;5;15;0;0;0;0;0;0;0;5;
NAT9450  ;2013JJ00;5;0;5;25;10;5;5;0;0;5;0;0;0;0;10;
NAT9450  ;2014JJ00;0;0;0;35;25;10;10;5;0;0;0;0;0;0;10;
NAT9450  ;2015JJ00;5;0;0;15;5;0;5;0;0;0;0;0;0;0;5;
NAT9450  ;2016JJ00;0;0;0;20;15;10;5;0;0;0;0;0;0;0;5;
NAT9450  ;2017JJ00;0;0;0;20;15;5;5;0;0;0;0;0;0;0;5;
NAT9450  ;2018JJ00;0;0;0;20;20;10;5;5;0;0;0;0;0;0;0;
NAT9450  ;2019JJ00;0;0;0;20;10;5;0;5;0;0;0;0;0;0;10;
NAT9450  ;2020JJ00;0;0;0;15;15;5;5;0;0;0;0;0;0;0;5;
NAT9456  ;2008JJ00;0;0;0;115;90;65;15;10;5;10;5;0;0;0;10;
NAT9456  ;2009JJ00;5;0;0;120;95;60;10;30;0;15;10;0;5;0;5;
NAT9456  ;2010JJ00;0;0;0;120;105;75;15;15;5;5;0;0;5;0;5;
NAT9456  ;2011JJ00;0;0;0;120;105;80;15;10;0;15;10;0;5;0;5;
NAT9456  ;2012JJ00;5;0;0;130;105;85;5;15;5;20;10;0;10;0;5;
NAT9456  ;2013JJ00;0;0;0;160;125;90;25;5;5;20;10;5;5;0;15;
NAT9456  ;2014JJ00;5;5;0;120;85;70;15;5;10;15;10;5;0;0;10;
NAT9456  ;2015JJ00;5;0;5;160;110;85;20;5;5;20;15;5;0;0;20;
NAT9456  ;2016JJ00;5;0;0;185;115;95;15;0;20;25;25;0;0;0;20;
NAT9456  ;2017JJ00;5;0;5;210;120;90;25;10;30;35;30;5;0;0;20;
NAT9456  ;2018JJ00;5;0;0;250;155;100;25;30;30;40;35;5;0;0;20;
NAT9456  ;2019JJ00;5;5;0;295;170;100;20;50;20;75;35;5;35;5;25;
NAT9456  ;2020JJ00;5;5;0;200;125;75;20;25;15;45;30;0;15;0;15;
NAT9458  ;2008JJ00;25;0;0;5005;3405;1795;1265;345;540;470;340;30;100;0;590;
NAT9458  ;2009JJ00;15;10;5;4555;3175;1590;1150;435;655;515;255;50;210;0;210;
NAT9458  ;2010JJ00;25;15;10;4325;2805;1535;950;320;680;650;445;65;145;0;190;
NAT9458  ;2011JJ00;20;15;5;3755;2555;1530;750;280;625;395;215;60;125;5;175;
NAT9458  ;2012JJ00;35;20;15;3640;2540;1510;785;245;555;325;145;50;125;0;220;
NAT9458  ;2013JJ00;35;10;25;4445;2905;1730;1035;140;710;390;185;80;120;0;440;
NAT9458  ;2014JJ00;40;15;25;3900;2285;1410;820;55;590;415;220;90;110;0;610;
NAT9458  ;2015JJ00;15;10;5;3755;2165;1385;740;35;695;480;295;85;100;0;415;
NAT9458  ;2016JJ00;15;5;10;4010;2235;1410;795;35;800;650;465;90;95;0;325;
NAT9458  ;2017JJ00;360;215;145;4895;2760;1680;985;95;885;990;740;130;125;0;265;
NAT9458  ;2018JJ00;405;215;190;5260;2845;1685;985;180;940;1235;1015;115;105;0;235;
NAT9458  ;2019JJ00;1050;670;380;5840;3190;1840;1055;295;1075;1310;1040;145;130;0;260;
NAT9458  ;2020JJ00;1765;1175;590;4410;2635;1545;875;215;670;870;625;115;125;0;235;
NAT9460  ;2008JJ00;20;0;0;145;20;5;10;5;75;30;5;20;5;0;20;
NAT9460  ;2009JJ00;20;5;10;125;25;5;15;0;75;15;5;10;5;0;10;
NAT9460  ;2010JJ00;50;30;20;105;25;10;15;0;40;25;0;20;0;0;15;
NAT9460  ;2011JJ00;40;30;10;100;45;15;25;5;30;15;0;10;5;10;0;
NAT9460  ;2012JJ00;45;35;10;85;30;5;15;10;40;15;0;10;0;5;0;
NAT9460  ;2013JJ00;105;50;60;135;55;15;30;5;60;15;0;10;5;5;0;
NAT9460  ;2014JJ00;155;115;40;115;45;20;15;10;45;10;0;5;5;10;5;
NAT9460  ;2015JJ00;145;70;80;95;25;10;10;5;40;10;0;10;0;10;5;
NAT9460  ;2016JJ00;95;65;25;90;30;15;10;5;30;10;0;5;5;15;5;
NAT9460  ;2017JJ00;80;50;30;120;40;15;15;10;30;20;5;10;5;20;5;
NAT9460  ;2018JJ00;90;35;55;160;55;10;25;15;40;15;0;5;10;50;5;
NAT9460  ;2019JJ00;65;15;50;215;70;25;20;30;50;25;5;15;5;60;10;
NAT9460  ;2020JJ00;50;20;30;140;65;15;30;20;35;10;5;5;0;25;5;
NAT9464  ;2008JJ00;0;0;0;155;105;60;20;30;5;35;30;0;5;0;10;
NAT9464  ;2009JJ00;0;0;0;135;80;35;15;30;10;35;25;0;10;0;10;
NAT9464  ;2010JJ00;0;0;0;150;90;40;25;25;15;30;20;0;10;0;10;
NAT9464  ;2011JJ00;0;0;0;150;90;45;20;20;20;35;25;0;10;0;10;
NAT9464  ;2012JJ00;0;0;0;135;70;30;10;35;20;45;30;5;5;0;5;
NAT9464  ;2013JJ00;0;0;0;165;95;45;40;10;20;35;35;5;0;0;15;
NAT9464  ;2014JJ00;0;0;0;130;55;35;10;5;20;35;25;5;5;0;20;
NAT9464  ;2015JJ00;0;0;0;140;65;30;25;10;15;30;20;5;5;0;30;
NAT9464  ;2016JJ00;5;0;0;155;70;45;15;10;25;35;25;5;5;0;25;
NAT9464  ;2017JJ00;10;5;5;205;90;50;15;30;20;45;30;0;10;5;45;
NAT9464  ;2018JJ00;10;10;0;230;100;55;15;30;15;50;35;5;10;0;60;
NAT9464  ;2019JJ00;25;15;10;285;125;55;40;30;20;50;50;0;0;5;85;
NAT9464  ;2020JJ00;25;20;10;175;80;35;15;25;10;25;20;0;5;5;60;
NAT9466  ;2008JJ00;0;0;0;425;175;130;40;5;155;55;20;15;20;0;45;
NAT9466  ;2009JJ00;5;5;0;415;170;115;50;5;165;65;15;25;25;0;10;
NAT9466  ;2010JJ00;10;0;10;400;160;115;40;5;170;65;15;25;25;0;5;
NAT9466  ;2011JJ00;0;0;0;520;205;150;50;10;185;120;15;25;80;0;5;
NAT9466  ;2012JJ00;0;0;0;390;185;110;60;10;155;50;5;15;30;0;0;
NAT9466  ;2013JJ00;0;0;0;430;160;95;50;15;180;80;10;35;35;0;5;
NAT9466  ;2014JJ00;0;0;0;465;160;115;45;0;235;60;10;25;25;0;10;
NAT9466  ;2015JJ00;5;5;0;525;170;115;55;0;255;85;15;30;40;0;15;
NAT9466  ;2016JJ00;0;0;0;770;245;170;70;5;405;90;30;30;30;0;30;
NAT9466  ;2017JJ00;0;0;0;910;225;140;75;10;550;110;20;35;55;0;20;
NAT9466  ;2018JJ00;0;0;0;935;250;140;90;20;565;100;40;25;40;0;20;
NAT9466  ;2019JJ00;0;0;0;1135;290;170;90;30;695;110;35;25;50;0;35;
NAT9466  ;2020JJ00;0;0;0;680;210;125;65;20;370;75;15;20;40;5;20;
NAT9467  ;2008JJ00;10;0;0;155;85;55;25;10;20;40;30;0;10;0;15;
NAT9467  ;2009JJ00;5;0;0;120;75;45;20;10;15;25;15;0;5;0;5;
NAT9467  ;2010JJ00;15;5;5;110;65;40;15;10;15;25;20;0;5;0;5;
NAT9467  ;2011JJ00;15;15;0;125;75;50;25;5;20;25;20;0;5;0;5;
NAT9467  ;2012JJ00;5;5;0;120;65;40;15;15;25;25;15;5;0;0;5;
NAT9467  ;2013JJ00;5;0;0;155;85;40;30;10;30;35;25;5;0;0;10;
NAT9467  ;2014JJ00;5;5;0;165;80;60;20;5;35;40;30;0;5;0;10;
NAT9467  ;2015JJ00;5;5;0;155;75;45;25;5;30;40;30;5;5;0;15;
NAT9467  ;2016JJ00;0;0;0;220;115;65;40;5;30;55;50;0;5;0;20;
NAT9467  ;2017JJ00;5;5;0;210;100;75;20;5;30;60;55;0;5;0;20;
NAT9467  ;2018JJ00;5;5;0;260;125;85;35;5;35;75;70;5;0;0;20;
NAT9467  ;2019JJ00;5;0;5;295;140;90;40;10;35;85;80;5;0;0;30;
NAT9467  ;2020JJ00;5;5;0;265;125;75;50;5;40;80;75;0;0;0;15;
NAT9468  ;2008JJ00;0;0;0;45;5;0;5;0;35;0;0;0;0;0;0;
NAT9468  ;2009JJ00;0;0;0;45;5;0;5;0;35;0;0;0;0;0;0;
NAT9468  ;2010JJ00;0;0;0;65;5;0;0;5;50;5;0;0;5;0;5;
NAT9468  ;2011JJ00;0;0;0;50;10;10;0;0;35;5;0;0;0;0;0;
NAT9468  ;2012JJ00;0;0;0;50;10;5;0;0;35;5;0;5;0;0;0;
NAT9468  ;2013JJ00;0;0;0;50;15;5;5;0;35;5;0;0;0;0;0;
NAT9468  ;2014JJ00;5;5;0;35;15;5;10;0;20;0;0;0;0;0;0;
NAT9468  ;2015JJ00;0;0;0;50;10;5;5;0;30;5;0;5;0;0;0;
NAT9468  ;2016JJ00;0;0;0;35;10;5;5;0;20;0;0;0;0;0;5;
NAT9468  ;2017JJ00;5;5;0;30;10;5;5;0;10;5;5;0;0;0;5;
NAT9468  ;2018JJ00;0;0;0;45;15;10;5;5;20;5;0;5;0;0;5;
NAT9468  ;2019JJ00;0;0;0;65;20;5;5;5;30;10;5;10;0;0;0;
NAT9468  ;2020JJ00;0;0;0;45;10;5;5;0;25;10;0;5;0;0;0;
NAT9469  ;2008JJ00;5;0;0;115;20;5;10;5;70;20;10;10;0;0;10;
NAT9469  ;2009JJ00;5;5;0;135;30;10;15;5;85;15;5;10;5;0;0;
NAT9469  ;2010JJ00;5;0;5;105;15;5;5;0;70;15;5;10;5;0;5;
NAT9469  ;2011JJ00;0;0;0;80;5;0;0;0;65;10;5;5;5;0;0;
NAT9469  ;2012JJ00;0;0;0;80;10;5;5;5;50;20;5;5;5;0;0;
NAT9469  ;2013JJ00;10;0;5;80;15;5;10;0;50;15;0;10;5;0;0;
NAT9469  ;2014JJ00;5;5;0;65;10;5;5;0;40;15;5;5;0;0;5;
NAT9469  ;2015JJ00;5;0;0;70;15;5;5;0;40;15;10;0;0;0;0;
NAT9469  ;2016JJ00;0;0;0;80;10;5;5;0;45;15;5;5;5;0;5;
NAT9469  ;2017JJ00;5;5;5;100;10;5;5;0;70;20;5;5;5;0;5;
NAT9469  ;2018JJ00;5;5;5;110;20;10;5;5;70;15;10;5;5;0;5;
NAT9469  ;2019JJ00;0;0;0;140;35;20;10;5;70;25;15;5;10;0;5;
NAT9469  ;2020JJ00;0;0;0;125;20;10;5;5;75;25;10;5;10;0;5;
NAT9470  ;2008JJ00;0;0;0;985;315;145;105;60;50;590;255;15;320;0;25;
NAT9470  ;2009JJ00;0;0;0;755;230;115;70;45;60;450;140;10;300;0;10;
NAT9470  ;2010JJ00;0;0;0;645;135;75;30;30;90;405;100;15;290;0;15;
NAT9470  ;2011JJ00;0;0;0;710;165;85;45;35;90;440;125;15;300;0;10;
NAT9470  ;2012JJ00;0;0;0;650;195;95;55;40;70;385;95;10;280;0;5;
NAT9470  ;2013JJ00;0;0;0;880;220;120;90;15;110;510;110;25;380;0;35;
NAT9470  ;2014JJ00;0;0;0;790;200;115;70;15;90;480;165;25;290;0;25;
NAT9470  ;2015JJ00;0;0;0;950;250;155;90;5;95;555;230;30;295;0;50;
NAT9470  ;2016JJ00;0;0;0;1175;335;220;100;15;140;635;300;25;310;0;70;
NAT9470  ;2017JJ00;0;0;0;1300;380;230;140;15;110;745;370;20;355;0;65;
NAT9470  ;2018JJ00;5;0;5;1760;590;325;225;40;150;945;545;20;380;0;80;
NAT9470  ;2019JJ00;0;0;0;2505;1035;495;435;105;155;825;760;35;30;0;490;
NAT9470  ;2020JJ00;0;0;0;1855;790;380;335;75;105;575;535;20;20;0;385;
NAT9471  ;2008JJ00;5;0;0;630;240;115;125;5;230;155;90;15;50;0;5;
NAT9471  ;2009JJ00;0;0;0;615;250;110;135;10;200;155;90;25;40;0;10;
NAT9471  ;2010JJ00;5;5;0;740;240;120;115;5;305;195;100;20;75;0;5;
NAT9471  ;2011JJ00;10;10;0;920;275;130;140;5;435;200;125;30;45;0;5;
NAT9471  ;2012JJ00;25;25;0;920;230;105;120;5;530;155;80;25;50;0;5;
NAT9471  ;2013JJ00;5;5;0;1065;275;130;140;0;590;205;120;35;50;0;0;
NAT9471  ;2014JJ00;0;0;0;1220;270;140;130;5;720;170;100;30;40;0;55;
NAT9471  ;2015JJ00;0;0;0;1375;265;115;145;5;875;145;100;30;15;0;90;
NAT9471  ;2016JJ00;0;0;0;1520;270;135;130;5;1040;175;120;35;20;0;35;
NAT9471  ;2017JJ00;0;0;0;1720;310;150;160;5;1095;180;140;30;10;0;135;
NAT9471  ;2018JJ00;0;0;0;1690;300;150;150;5;1090;215;135;50;25;0;85;
NAT9471  ;2019JJ00;0;0;0;1735;330;160;165;5;1085;235;140;40;50;0;85;
NAT9471  ;2020JJ00;0;0;0;805;210;110;95;5;380;135;75;30;30;0;80;
NAT9474  ;2008JJ00;0;0;0;60;0;0;0;0;0;0;0;0;0;0;60;
NAT9474  ;2009JJ00;0;0;0;55;5;0;0;5;0;0;0;0;0;0;55;
NAT9474  ;2010JJ00;0;0;0;50;0;0;0;0;0;0;0;0;0;0;50;
NAT9474  ;2011JJ00;0;0;0;40;0;0;0;0;0;0;0;0;0;0;35;
NAT9474  ;2012JJ00;0;0;0;0;0;0;0;0;0;0;0;0;0;0;0;
NAT9474  ;2013JJ00;0;0;0;10;5;0;0;0;0;0;0;0;0;0;5;
NAT9474  ;2014JJ00;0;0;0;0;0;0;0;0;0;0;0;0;0;0;0;
NAT9474  ;2015JJ00;0;0;0;5;0;0;0;0;0;0;0;0;0;0;5;
NAT9474  ;2016JJ00;0;0;0;15;0;0;0;0;0;5;0;0;5;0;10;
NAT9474  ;2017JJ00;0;0;0;15;0;0;0;0;0;10;0;0;10;0;5;
NAT9474  ;2018JJ00;0;0;0;20;0;0;0;0;0;15;0;0;15;0;5;
NAT9474  ;2019JJ00;0;0;0;20;0;0;0;0;0;10;0;0;10;0;10;
NAT9474  ;2020JJ00;0;0;0;15;0;0;0;0;0;5;0;0;5;0;5;
NAT9487  ;2008JJ00;55;0;0;210;65;5;55;5;0;0;0;0;0;0;140;
NAT9487  ;2009JJ00;40;20;20;90;60;5;50;5;0;0;0;0;0;0;30;
NAT9487  ;2010JJ00;0;0;0;85;70;0;65;0;0;0;0;0;0;0;0;
NAT9487  ;2011JJ00;30;15;15;55;45;0;45;0;0;0;0;0;0;0;5;
NAT9487  ;2012JJ00;60;50;15;120;110;0;100;5;0;0;0;0;0;0;10;
NAT9487  ;2013JJ00;175;155;20;125;115;5;85;20;0;0;0;0;0;0;10;
NAT9487  ;2014JJ00;1715;1380;335;110;110;0;95;10;0;0;0;0;0;0;0;
NAT9487  ;2015JJ00;4390;1845;2545;255;245;0;95;150;0;0;0;0;0;0;10;
NAT9487  ;2016JJ00;2875;1725;1150;420;405;0;255;150;5;5;0;0;0;0;5;
NAT9487  ;2017JJ00;1775;300;1475;640;625;10;295;320;0;0;0;0;0;0;10;
NAT9487  ;2018JJ00;350;105;245;485;470;15;365;85;5;5;0;0;0;0;15;
NAT9487  ;2019JJ00;255;105;150;410;370;30;290;50;5;5;0;0;0;0;30;
NAT9487  ;2020JJ00;310;165;145;295;260;10;220;30;15;5;0;0;0;0;20;
NAT9488  ;2008JJ00;165;0;0;2675;1740;30;1690;15;5;5;0;0;5;0;925;
NAT9488  ;2009JJ00;295;150;145;1910;1635;10;1580;40;10;5;0;0;0;0;255;
NAT9488  ;2010JJ00;310;150;160;1855;1635;15;1585;30;10;5;0;0;0;0;225;
NAT9488  ;2011JJ00;15;10;0;1935;1800;15;1740;40;10;5;5;5;0;10;115;
NAT9488  ;2012JJ00;235;135;100;1810;1740;10;1720;10;5;10;5;0;5;15;40;
NAT9488  ;2013JJ00;285;165;115;1840;1670;15;1525;130;15;10;5;0;5;15;130;
NAT9488  ;2014JJ00;465;195;270;1665;1575;20;1515;40;25;15;10;5;0;5;45;
NAT9488  ;2015JJ00;250;135;115;1265;1210;20;1130;60;5;10;5;0;0;5;40;
NAT9488  ;2016JJ00;485;355;130;1070;1035;10;980;40;0;5;0;0;0;10;25;
NAT9488  ;2017JJ00;630;285;345;985;915;10;735;170;25;10;0;0;5;5;30;
NAT9488  ;2018JJ00;395;235;160;795;760;10;640;105;0;5;0;0;0;5;25;
NAT9488  ;2019JJ00;465;395;70;990;925;15;600;310;5;5;5;0;0;5;50;
NAT9488  ;2020JJ00;455;380;75;1320;1285;30;460;795;10;5;5;0;0;0;20;