psraid,sample,segment,int_date,lang,scregion,sstate
100002,1,1,22916,1,1,3
100003,1,1,22916,1,1,1
100008,1,1,22916,1,1,2
100010,1,1,22916,1,1,1
100014,1,1,22916,1,1,2
100018,1,1,30516,1,1,3
100020,1,1,31216,1,1,3
100022,1,1,30316,1,1,1
100026,1,1,30116,1,1,3
100029,1,1,22916,1,1,2
100031,1,1,30416,1,1,1
100057,1,1,22916,1,1,2
100060,1,1,22916,1,1,3
100077,1,1,30316,1,1,3
100081,1,1,22916,1,1,3
100082,1,1,22916,1,1,2
100089,1,1,30816,1,1,3
100092,1,1,30316,2,2,3
100093,1,1,22916,1,1,3
100094,1,1,31916,1,1,1
100095,1,1,22916,1,1,3
100099,1,1,22916,1,1,3
100101,1,1,22916,1,1,3
100107,1,1,30116,1,1,4
100111,1,1,31216,1,1,4
100113,1,1,22916,1,1,2
100115,1,1,30516,1,1,4
100117,1,1,22916,1,1,4
100126,1,1,22916,1,1,4
100129,1,1,30516,1,1,4
100130,1,1,30516,1,1,4
100134,1,1,22916,1,1,4
100136,1,1,22916,1,1,3
100142,1,1,32116,1,1,1
100147,1,1,22916,1,1,3
100148,1,1,22916,1,1,1
100159,1,1,22916,1,1,1
100160,1,1,22916,1,1,3
100167,1,1,22916,1,1,4
100169,1,1,22916,1,1,2
100171,1,1,31216,1,1,1
100172,1,1,41616,2,2,4
100176,1,1,30316,1,1,3
100184,1,1,50816,1,1,4
100197,1,1,22916,1,1,3
100201,1,1,31016,1,1,1
100205,1,1,22916,1,1,3
100208,1,1,30816,1,1,3
100215,1,1,30516,1,1,1
100225,1,1,22916,1,1,2
100235,1,1,22916,1,1,4
100237,1,1,41716,1,1,3
100241,1,1,30516,1,1,4
100248,1,1,22916,1,1,3
100251,1,1,30516,1,1,4
100253,1,1,22916,1,1,3
100256,1,1,30316,2,2,4
100257,1,1,22916,1,1,4
100261,1,1,30516,1,1,4
100266,1,1,22916,1,1,3
100267,1,1,41016,1,1,4
100268,1,1,22916,1,1,4
100269,1,1,30316,1,1,3
100272,1,1,30416,1,1,2
100273,1,1,22916,1,1,2
100278,1,1,22916,1,1,3
100282,1,1,30316,2,2,4
100283,1,1,22916,1,1,2
100284,1,1,22916,1,1,3
100286,1,1,22916,1,1,3
100290,1,1,43016,2,2,4
100299,1,1,32216,1,1,4
100305,1,1,40916,1,1,4
100310,1,1,22916,1,1,2
100316,1,1,22916,1,1,4
100319,1,1,22916,1,1,4
100320,1,1,32116,1,1,4
100327,1,1,41016,1,1,4
100330,1,1,40916,1,1,4
100335,1,1,22916,1,1,4
100345,1,1,30516,2,2,4
100350,1,1,22916,1,1,3
100355,1,1,22916,1,1,3
100362,1,1,22916,1,1,4
100364,1,1,22916,1,1,4
100365,1,1,30516,1,1,4
100369,1,1,30516,1,1,4
100371,1,1,22916,1,1,3
100378,1,1,30616,1,1,3
100381,1,1,30116,2,2,4
100383,1,1,31916,1,1,3
100385,1,1,30516,1,1,4
100386,1,1,30516,2,2,4
100389,1,1,41616,2,2,4
100391,1,1,30916,2,2,1
100394,1,1,30116,1,1,1
100398,1,1,30116,1,1,2
100406,1,1,31916,1,1,3
100407,1,1,30416,1,1,3
100412,1,1,32616,1,1,3
100418,1,1,30116,1,1,3
100423,1,1,31016,1,1,2
100428,1,1,30116,1,1,1
100429,1,1,30516,1,1,1
100432,1,1,32116,1,1,1
100433,1,1,30516,1,1,1
100435,1,1,30116,1,1,1
100439,1,1,30216,1,1,1
100440,1,1,30116,1,1,1
100443,1,1,30116,1,1,2
100446,1,1,30416,1,1,3
100448,1,1,30316,1,1,3
100449,1,1,30116,1,1,1
100458,1,1,42316,2,2,1
100459,1,1,30116,1,1,3
100464,1,1,30116,1,1,1
100465,1,1,30416,1,1,3
100479,1,1,30816,1,1,2
100481,1,1,30116,1,1,3
100483,1,1,31716,1,1,2
100487,1,1,30116,1,1,3
100492,1,1,31616,1,1,2
100493,1,1,31216,1,1,3
100494,1,1,30116,1,1,1
100504,1,1,31216,1,1,3
100519,1,1,30116,1,1,1
100522,1,1,30216,1,1,1
100523,1,1,30216,1,1,3
100524,1,1,30216,1,1,3
100534,1,1,30216,1,1,3
100536,1,1,30216,1,1,3
100537,1,1,41716,1,1,1
100538,1,1,32216,1,1,3
100545,1,1,30216,1,1,1
100546,1,1,31916,2,2,1
100548,1,1,30916,2,2,3
100549,1,1,30216,1,1,2
100556,1,1,30216,1,1,2
100558,1,1,30216,1,1,1
100563,1,1,31216,1,1,3
100564,1,1,30516,2,2,3
100565,1,1,30816,1,1,3
100567,1,1,31216,1,1,3
100576,1,1,41616,2,2,3
100578,1,1,30216,1,1,2
100579,1,1,30516,1,1,1
100581,1,1,30216,1,1,1
100590,1,1,30516,1,1,1
100594,1,1,30316,1,1,3
100595,1,1,31016,1,1,1
100597,1,1,30216,1,1,3
100605,1,1,31916,1,1,4
100611,1,1,31016,1,1,1
100612,1,1,30216,1,1,3
100613,1,1,30216,1,1,1
100614,1,1,30216,1,1,3
100625,1,1,30216,1,1,2
100632,1,1,30216,1,1,4
100633,1,1,31916,1,1,3
100635,1,1,30216,1,1,4
100641,1,1,30216,1,1,4
100649,1,1,30216,1,1,4
100652,1,1,30316,1,1,4
100656,1,1,40316,2,2,4
100657,1,1,30416,1,1,4
100658,1,1,30316,1,1,4
100663,1,1,30216,1,1,4
100666,1,1,30516,1,1,4
100667,1,1,30516,1,1,4
100668,1,1,32616,1,1,4
100692,1,1,30316,1,1,3
100694,1,1,30816,1,1,3
100702,1,1,42316,1,1,2
100703,1,1,30416,1,1,2
100710,1,1,30316,1,1,3
100712,1,1,30316,1,1,3
100713,1,1,30316,1,1,1
100716,1,1,30316,1,1,1
100718,1,1,30316,1,1,2
100721,1,1,30516,1,1,3
100728,1,1,30416,1,1,3
100729,1,1,30416,1,1,1
100730,1,1,30316,1,1,3
100736,1,1,50316,1,1,3
100737,1,1,42316,1,1,2
100744,1,1,32616,1,1,3
100762,1,1,31216,1,1,2
100763,1,1,30516,1,1,2
100768,1,1,30316,1,1,3
100772,1,1,30316,1,1,3
100774,1,1,30316,1,1,3
100780,1,1,30316,1,1,3
100781,1,1,30816,1,1,3
100789,1,1,30616,1,1,3
100790,1,1,30316,1,1,1
100814,1,1,30416,2,2,4
100815,1,1,30316,1,1,4
100816,1,1,30316,1,1,4
100822,1,1,31916,1,1,3
100825,1,1,30316,1,1,3
100829,1,1,30316,2,2,1
100837,1,1,30316,1,1,3
100841,1,1,30916,2,2,3
100850,1,1,30316,1,1,3
100852,1,1,30516,1,1,2
100859,1,1,30316,1,1,2
100868,1,1,30416,1,1,3
100869,1,1,30316,1,1,4
100882,1,1,30316,1,1,3
100883,1,1,30316,1,1,3
100884,1,1,30316,1,1,2
100888,1,1,30316,1,1,3
100893,1,1,30316,1,1,2
100894,1,1,30316,1,1,2
100902,1,1,30316,1,1,4
100903,1,1,30316,1,1,2
100904,1,1,30316,1,1,3
100907,1,1,30316,1,1,3
100908,1,1,41716,1,1,3
100918,1,1,30416,1,1,3
100921,1,1,30416,1,1,3
100927,1,1,30416,1,1,1
100931,1,1,30416,1,1,1
100936,1,1,30516,2,2,1
100937,1,1,30416,1,1,1
100938,1,1,30416,1,1,1
100942,1,1,30816,1,1,3
100943,1,1,30416,1,1,1
100945,1,1,30416,1,1,2
100948,1,1,30416,1,1,1
100950,1,1,30516,2,2,3
100955,1,1,30516,1,1,1
100956,1,1,30416,1,1,3
100957,1,1,30416,1,1,3
100958,1,1,30416,1,1,1
100959,1,1,30416,1,1,3
100960,1,1,30516,2,2,4
100962,1,1,30416,1,1,1
100965,1,1,30416,1,1,2
100972,1,1,30416,1,1,1
100985,1,1,30416,1,1,1
100990,1,1,30816,1,1,3
100992,1,1,50416,1,1,3
100997,1,1,30416,1,1,2
101023,1,1,32116,1,1,1
101026,1,1,31216,1,1,1
101030,1,1,30516,1,1,1
101034,1,1,30516,1,1,3
101037,1,1,30516,1,1,1
101040,1,1,43016,2,2,3
101042,1,1,31016,1,1,2
101043,1,1,30516,1,1,1
101054,1,1,31916,1,1,1
101060,1,1,30516,1,1,2
101064,1,1,42316,1,1,3
101066,1,1,31216,1,1,4
101070,1,1,30516,1,1,3
101071,1,1,30516,1,1,4
101072,1,1,32216,1,1,2
101077,1,1,42316,1,1,3
101080,1,1,30516,1,1,3
101084,1,1,30516,1,1,3
101094,1,1,30916,1,1,2
101096,1,1,30816,1,1,3
101098,1,1,30516,1,1,2
101100,1,1,30616,1,1,2
101102,1,1,30516,1,1,1
101103,1,1,30516,1,1,2
101104,1,1,30516,1,1,3
101106,1,1,31716,1,1,3
101109,1,1,30516,1,1,2
101113,1,1,30516,1,1,4
101118,1,1,30516,1,1,4
101121,1,1,30516,1,1,4
101125,1,1,30816,2,2,4
101127,1,1,30516,2,2,4
101129,1,1,30516,1,1,4
101131,1,1,30516,1,1,4
101138,1,1,30516,1,1,4
101141,1,1,30516,1,1,4
101143,1,1,42316,2,2,4
101147,1,1,30516,1,1,4
101164,1,1,30516,1,1,4
101168,1,1,30516,1,1,4
101178,1,1,40916,1,1,4
101185,1,1,30916,1,1,2
101189,1,1,30516,1,1,4
101193,1,1,30516,1,1,4
101194,1,1,30516,1,1,4
101197,1,1,30516,1,1,3
101204,1,1,30516,1,1,4
101205,1,1,30516,1,1,4
101206,1,1,30516,1,1,3
101209,1,1,30616,2,2,4
101213,1,1,31916,1,1,4
101216,1,1,30516,1,1,2
101217,1,1,30516,1,1,4
101220,1,1,31216,1,1,3
101224,1,1,30516,1,1,4
101233,1,1,31216,1,1,4
101236,1,1,40316,2,2,4
101246,1,1,30516,1,1,4
101252,1,1,30516,1,1,3
101259,1,1,40316,2,2,4
101262,1,1,31916,1,1,2
101265,1,1,30516,1,1,1
101269,1,1,32616,1,1,3
101274,1,1,40916,1,1,4
101279,1,1,30816,1,1,3
101284,1,1,30516,1,1,2
101285,1,1,30516,1,1,4
101286,1,1,31716,1,1,3
101287,1,1,30516,1,1,3
101291,1,1,30616,1,1,1
101294,1,1,30616,1,1,1
101296,1,1,30616,1,1,3
101300,1,1,31216,1,1,2
101301,1,1,30616,1,1,3
101302,1,1,30616,1,1,1
101313,1,1,31916,1,1,3
101315,1,1,40216,1,1,4
101316,1,1,31216,1,1,3
101317,1,1,30616,1,1,4
101319,1,1,31216,1,1,3
101320,1,1,31216,1,1,4
101323,1,1,30616,1,1,4
101329,1,1,30616,1,1,4
101337,1,1,31616,2,2,3
101340,1,1,30616,1,1,1
101345,1,1,30616,1,1,4
101347,1,1,30616,1,1,4
101348,1,1,30616,1,1,3
101349,1,1,31216,1,1,3
101359,1,1,30616,2,2,1
101360,1,1,30616,1,1,4
101361,1,1,30616,1,1,1
101364,1,1,30616,1,1,3
101369,1,1,31916,1,1,4
101377,1,1,30616,1,1,3
101391,1,1,30816,1,1,2
101392,1,1,30816,1,1,2
101397,1,1,30816,1,1,3
101399,1,1,30816,1,1,3
101401,1,1,30816,1,1,1
101406,1,1,41716,1,1,2
101407,1,1,32616,1,1,3
101414,1,1,30816,1,1,3
101416,1,1,30816,1,1,4
101418,1,1,30816,1,1,3
101423,1,1,30816,1,1,1
101426,1,1,30816,1,1,1
101427,1,1,30816,1,1,1
101429,1,1,32616,1,1,1
101437,1,1,30816,1,1,3
101442,1,1,30816,1,1,3
101459,1,1,31916,2,2,1
101465,1,1,31616,1,1,4
101466,1,1,31916,1,1,2
101469,1,1,31016,1,1,3
101472,1,1,31916,1,1,1
101473,1,1,32216,1,1,3
101479,1,1,30816,1,1,1
101481,1,1,30816,1,1,4
101482,1,1,30816,2,2,4
101487,1,1,30816,1,1,3
101491,1,1,31216,1,1,4
101493,1,1,30816,1,1,3
101500,1,1,31916,1,1,3
101518,1,1,41616,2,2,2
101522,1,1,30816,1,1,4
101526,1,1,30916,1,1,1
101529,1,1,30916,1,1,3
101535,1,1,30916,1,1,1
101540,1,1,30916,1,1,1
101542,1,1,30916,1,1,2
101545,1,1,30916,1,1,3
101549,1,1,30916,1,1,2
101551,1,1,30916,1,1,2
101556,1,1,30916,1,1,1
101559,1,1,30916,1,1,1
101563,1,1,31016,1,1,1
101565,1,1,31016,1,1,3
101567,1,1,31016,1,1,1
101572,1,1,31016,1,1,1
101574,1,1,42316,1,1,3
101576,1,1,31016,1,1,3
101583,1,1,31016,1,1,3
101585,1,1,42316,1,1,3
101587,1,1,31016,1,1,1
101588,1,1,31016,1,1,1
101595,1,1,31016,1,1,3
101608,1,1,31016,1,1,3
101609,1,1,31016,1,1,3
101616,1,1,31016,1,1,1
101621,1,1,31016,1,1,2
101626,1,1,31616,1,1,2
101631,1,1,41616,2,2,1
101632,1,1,31216,1,1,2
101637,1,1,31216,1,1,2
101639,1,1,31216,1,1,1
101640,1,1,31216,1,1,1
101641,1,1,31216,1,1,1
101644,1,1,31216,1,1,1
101647,1,1,31216,1,1,3
101650,1,1,31216,1,1,2
101652,1,1,50316,1,1,3
101657,1,1,31916,1,1,3
101674,1,1,31216,1,1,3
101677,1,1,31216,1,1,3
101679,1,1,31616,2,2,3
101684,1,1,31716,1,1,2
101689,1,1,31216,1,1,3
101694,1,1,31216,1,1,1
101698,1,1,31216,1,1,4
101706,1,1,31216,1,1,4
101709,1,1,31216,1,1,4
101713,1,1,31216,1,1,4
101715,1,1,31216,1,1,1
101720,1,1,41716,1,1,1
101732,1,1,42316,1,1,3
101734,1,1,31216,1,1,3
101735,1,1,31216,1,1,3
101736,1,1,31216,1,1,3
101739,1,1,31216,1,1,2
101747,1,1,31216,1,1,3
101748,1,1,31216,1,1,3
101761,1,1,31216,1,1,1
101768,1,1,31216,1,1,3
101769,1,1,31216,1,1,3
101780,1,1,31216,1,1,3
101781,1,1,31216,1,1,2
101789,1,1,41716,1,1,1
101793,1,1,31216,1,1,2
101794,1,1,31216,1,1,2
101798,1,1,31916,1,1,3
101808,1,1,42316,1,1,4
101809,1,1,31216,1,1,4
101816,1,1,31616,1,1,4
101827,1,1,31216,1,1,4
101828,1,1,41016,1,1,4
101830,1,1,32616,1,1,4
101843,1,1,31216,1,1,4
101845,1,1,31216,1,1,4
101846,1,1,31216,1,1,4
101847,1,1,31716,1,1,4
101852,1,1,31616,1,1,3
101857,1,1,42316,1,1,1
101859,1,1,31616,1,1,3
101868,1,1,31616,1,1,3
101884,1,1,31616,1,1,2
101885,1,1,31616,1,1,1
101903,1,1,31616,1,1,3
101905,1,1,42316,1,1,2
101906,1,1,31916,1,1,2
101913,1,1,31616,1,1,4
101920,1,1,31616,1,1,3
101926,1,1,31616,1,1,4
101927,1,1,31616,1,1,4
101930,1,1,31616,2,2,4
101933,1,1,31616,1,1,4
101938,1,1,40316,1,1,4
101943,1,1,31616,1,1,2
101946,1,1,32116,1,1,1
101956,1,1,31716,1,1,3
101959,1,1,31916,1,1,2
101963,1,1,31716,1,1,1
101964,1,1,31716,1,1,2
101966,1,1,31716,1,1,1
101973,1,1,31716,1,1,1
101974,1,1,31716,1,1,1
101980,1,1,31716,1,1,3
101983,1,1,32116,1,1,1
101993,1,1,31916,1,1,3
101997,1,1,31716,1,1,1
101998,1,1,31716,1,1,3
102009,1,1,31916,1,1,3
102011,1,1,31716,1,1,1
102012,1,1,31716,1,1,1
102013,1,1,31716,1,1,1
102022,1,1,31716,1,1,2
102023,1,1,32116,1,1,3
102029,1,1,31716,1,1,3
102034,1,1,40216,1,1,2
102035,1,1,31716,1,1,3
102037,1,1,31916,1,1,3
102041,1,1,31716,1,1,2
102049,1,1,31716,1,1,4
102050,1,1,31716,1,1,4
102052,1,1,31916,1,1,4
102054,1,1,41716,1,1,4
102056,1,1,32216,1,1,2
102057,1,1,31716,1,1,4
102059,1,1,40916,1,1,4
102063,1,1,31716,1,1,4
102072,1,1,40916,2,2,4
102077,1,1,31716,1,1,4
102093,1,1,31716,1,1,3
102097,1,1,31716,1,1,4
102098,1,1,31716,1,1,4
102101,1,1,50316,1,1,2
102104,1,1,31916,1,1,1
102124,1,1,31916,1,1,3
102125,1,1,41716,1,1,1
102128,1,1,31916,1,1,3
102134,1,1,31916,1,1,1
102136,1,1,31916,1,1,3
102138,1,1,41716,1,1,2
102140,1,1,31916,1,1,3
102146,1,1,31916,1,1,1
102152,1,1,40216,1,1,2
102156,1,1,31916,1,1,3
102160,1,1,31916,1,1,2
102171,1,1,31916,1,1,1
102188,1,1,32216,1,1,2
102198,1,1,31916,1,1,4
102199,1,1,31916,1,1,2
102200,1,1,31916,1,1,1
102207,1,1,31916,1,1,2
102213,1,1,31916,2,2,3
102215,1,1,40916,1,1,4
102218,1,1,40916,2,2,4
102223,1,1,40316,2,2,4
102229,1,1,32116,1,1,1
102235,1,1,40916,1,1,1
102240,1,1,32116,1,1,3
102243,1,1,32116,1,1,3
102257,1,1,32116,1,1,1
102259,1,1,32116,1,1,2
102261,1,1,40916,1,1,3
102271,1,1,32216,1,1,2
102280,1,1,40316,1,1,2
102282,1,1,41716,1,1,3
102286,1,1,32216,1,1,3
102289,1,1,32216,1,1,2
102295,1,1,32216,1,1,2
102296,1,1,41016,1,1,3
102297,1,1,32216,1,1,3
102298,1,1,32216,1,1,2
102299,1,1,42316,1,1,3
102302,1,1,32216,1,1,2
102321,1,1,32216,1,1,2
102331,1,1,32216,1,1,1
102332,1,1,32216,1,1,1
102333,1,1,32216,1,1,2
102334,1,1,32216,1,1,2
102343,1,1,32216,1,1,3
102351,1,1,50316,1,1,3
102361,1,1,32216,1,1,4
102367,1,1,32616,1,1,1
102372,1,1,40216,1,1,3
102374,1,1,32616,1,1,4
102385,1,1,32616,1,1,4
102399,1,1,40216,1,1,3
102401,1,1,32616,1,1,3
102409,1,1,32616,1,1,2
102412,1,1,40216,1,1,2
102414,1,1,41016,1,1,1
102422,1,1,32616,1,1,4
102435,1,1,41016,1,1,3
102438,1,1,32616,1,1,3
102444,1,1,40216,1,1,3
102445,1,1,50116,1,1,3
102446,1,1,40216,1,1,3
102447,1,1,40216,1,1,3
102455,1,1,50116,1,1,3
102474,1,1,40216,1,1,2
102475,1,1,40216,1,1,3
102482,1,1,40216,1,1,3
102486,1,1,40216,1,1,2
102490,1,1,40216,1,1,3
102492,1,1,40216,1,1,3
102511,1,1,40316,1,1,3
102516,1,1,40316,1,1,3
102518,1,1,40316,1,1,4
102519,1,1,40316,1,1,3
102522,1,1,40316,1,1,3
102528,1,1,41016,1,1,3
102529,1,1,40316,1,1,1
102537,1,1,40916,1,1,1
102543,1,1,40316,1,1,4
102546,1,1,50816,1,1,4
102549,1,1,40316,1,1,4
102552,1,1,40316,1,1,1
102557,1,1,40316,1,1,4
102563,1,1,40316,1,1,3
102570,1,1,41716,1,1,2
102573,1,1,40916,1,1,2
102580,1,1,40916,1,1,3
102592,1,1,40916,1,1,4
102597,1,1,40916,1,1,3
102606,1,1,40916,1,1,4
102611,1,1,42316,1,1,3
102618,1,1,40916,1,1,1
102619,1,1,40916,1,1,4
102622,1,1,40916,1,1,4
102627,1,1,41016,1,1,4
102633,1,1,41016,1,1,3
102638,1,1,41016,1,1,2
102643,1,1,41016,1,1,1
102657,1,1,41016,1,1,3
102666,1,1,42316,1,1,4
102669,1,1,41016,1,1,4
102670,1,1,41016,1,1,4
102688,1,1,41016,1,1,3
102708,1,1,41616,1,1,3
102711,1,1,41616,1,1,4
102714,1,1,41716,1,1,1
102716,1,1,41716,1,1,3
102717,1,1,42316,1,1,4
102723,1,1,41716,1,1,4
102724,1,1,42316,2,2,3
102744,1,1,42316,1,1,2
102753,1,1,50416,1,1,1
102754,1,1,42316,1,1,3
102765,1,1,42316,1,1,3
102768,1,1,42316,1,1,1
102771,1,1,43016,1,1,1
102776,1,1,42316,1,1,3
102786,1,1,43016,1,1,1
102787,1,1,42316,1,1,1
102792,1,1,42316,1,1,3
102796,1,1,50416,1,1,3
102801,1,1,42316,1,1,2
102813,1,1,42316,1,1,1
102814,1,1,42316,1,1,3
102821,1,1,42316,1,1,3
102822,1,1,42316,2,2,1
102825,1,1,43016,1,1,2
102831,1,1,42316,1,1,2
102835,1,1,43016,1,1,1
102845,1,1,42316,1,1,2
102849,1,1,42316,1,1,1
102851,1,1,42316,1,1,1
102869,1,1,42316,1,1,3
102870,1,1,42316,1,1,3
102871,1,1,42316,2,2,3
102879,1,1,42316,1,1,3
102891,1,1,42316,2,2,3
102892,1,1,50216,1,1,3
102899,1,1,42316,1,1,2
102900,1,1,50116,1,1,3
102901,1,1,50116,1,1,3
102904,1,1,50416,1,1,2
102912,1,1,50116,1,1,3
102938,1,1,42316,2,2,2
102940,1,1,42316,1,1,4
102951,1,1,50416,1,1,2
102957,1,1,42316,1,1,4
102958,1,1,43016,1,1,4
102973,1,1,42316,1,1,4
102975,1,1,42316,1,1,1
102978,1,1,42316,1,1,3
102990,1,1,42316,1,1,4
102994,1,1,50116,1,1,4
103005,1,1,42316,1,1,3
103007,1,1,50116,1,1,3
103009,1,1,50816,1,1,4
103013,1,1,50716,2,2,1
103014,1,1,42316,1,1,3
103019,1,1,42316,1,1,3
103025,1,1,42316,1,1,1
103028,1,1,42316,1,1,1
103029,1,1,42316,1,1,2
103032,1,1,42316,1,1,1
103035,1,1,42316,1,1,3
103037,1,1,42316,1,1,3
103047,1,1,42316,1,1,3
103049,1,1,43016,1,1,2
103051,1,1,42316,1,1,2
103052,1,1,42316,1,1,2
103053,1,1,42316,1,1,2
103056,1,1,42316,1,1,3
103060,1,1,42316,1,1,4
103082,1,1,43016,1,1,2
103088,1,1,50316,1,1,3
103094,1,1,43016,1,1,3
103095,1,1,50416,1,1,3
103101,1,1,43016,1,1,3
103107,1,1,43016,1,1,1
103112,1,1,50216,1,1,3
103119,1,1,43016,1,1,1
103120,1,1,50316,1,1,3
103123,1,1,43016,1,1,3
103125,1,1,50216,1,1,1
103128,1,1,50216,1,1,1
103130,1,1,43016,1,1,1
103145,1,1,43016,1,1,2
103148,1,1,43016,1,1,3
103150,1,1,43016,1,1,3
103151,1,1,50216,1,1,1
103160,1,1,50816,1,1,3
103163,1,1,43016,1,1,3
103168,1,1,43016,1,1,1
103170,1,1,43016,1,1,3
103172,1,1,43016,1,1,3
103183,1,1,43016,1,1,2
103187,1,1,43016,1,1,3
103189,1,1,43016,1,1,2
103190,1,1,43016,1,1,3
103191,1,1,50116,1,1,2
103200,1,1,43016,1,1,3
103203,1,1,43016,1,1,2
103204,1,1,50416,1,1,3
103207,1,1,50216,1,1,3
103213,1,1,50416,1,1,3
103214,1,1,43016,1,1,3
103218,1,1,50816,1,1,3
103219,1,1,43016,1,1,3
103223,1,1,43016,1,1,3
103229,1,1,50216,1,1,2
103232,1,1,43016,1,1,1
103236,1,1,43016,1,1,3
103239,1,1,43016,1,1,2
103241,1,1,43016,1,1,3
103252,1,1,43016,1,1,2
103257,1,1,43016,1,1,2
103259,1,1,43016,1,1,3
103265,1,1,43016,1,1,1
103282,1,1,43016,1,1,3
103285,1,1,43016,1,1,4
103289,1,1,43016,1,1,2
103290,1,1,43016,1,1,3
103293,1,1,50816,1,1,4
103297,1,1,43016,1,1,4
103310,1,1,50816,2,2,4
103322,1,1,43016,2,2,4
103328,1,1,50816,1,1,4
103330,1,1,43016,1,1,4
103338,1,1,43016,1,1,4
103341,1,1,43016,1,1,3
103344,1,1,43016,1,1,2
103349,1,1,43016,1,1,3
103350,1,1,43016,1,1,2
103354,1,1,50116,1,1,2
103355,1,1,50116,1,1,1
103360,1,1,50116,1,1,1
103361,1,1,50216,1,1,3
103363,1,1,50116,1,1,1
103365,1,1,50216,1,1,2
103367,1,1,50116,1,1,1
103369,1,1,50116,1,1,3
103373,1,1,50216,1,1,3
103378,1,1,50116,1,1,1
103380,1,1,50116,1,1,3
103386,1,1,50116,1,1,1
103392,1,1,50316,1,1,3
103406,1,1,50116,1,1,3
103415,1,1,50116,1,1,2
103418,1,1,50116,1,1,3
103419,1,1,50116,1,1,2
103427,1,1,50116,1,1,3
103441,1,1,50416,1,1,3
103448,1,1,50116,1,1,2
103452,1,1,50116,1,1,3
103453,1,1,50116,1,1,4
103454,1,1,50116,1,1,3
103458,1,1,50116,1,1,4
103459,1,1,50116,1,1,1
103461,1,1,50116,1,1,2
103479,1,1,50116,1,1,1
103481,1,1,50116,1,1,3
103488,1,1,50116,1,1,2
103490,1,1,50116,1,1,2
103497,1,1,50116,1,1,3
103502,1,1,50116,1,1,4
103503,1,1,50116,1,1,3
103504,1,1,50116,1,1,3
103506,1,1,50216,1,1,2
103509,1,1,50216,1,1,3
103512,1,1,50216,1,1,3
103516,1,1,50216,1,1,3
103517,1,1,50316,1,1,3
103519,1,1,50216,1,1,1
103527,1,1,50216,1,1,3
103537,1,1,50316,1,1,3
103539,1,1,50216,1,1,2
103545,1,1,50216,1,1,1
103550,1,1,50816,1,1,3
103561,1,1,50216,1,1,2
103574,1,1,50216,1,1,3
103577,1,1,50216,1,1,4
103578,1,1,50216,1,1,4
103580,1,1,50216,1,1,4
103587,1,1,50216,1,1,4
103599,1,1,50316,1,1,2
103600,1,1,50316,1,1,2
103604,1,1,50316,1,1,3
103607,1,1,50316,1,1,3
103608,1,1,50316,1,1,3
103610,1,1,50316,1,1,2
103613,1,1,50316,1,1,3
103618,1,1,50316,1,1,3
103620,1,1,50316,1,1,3
103621,1,1,50316,1,1,1
103628,1,1,50316,1,1,1
103629,1,1,50316,1,1,3
103630,1,1,50316,1,1,3
103631,1,1,50416,1,1,3
103639,1,1,50816,1,1,1
103642,1,1,50416,1,1,3
103645,1,1,50416,2,2,3
103646,1,1,50416,1,1,3
103655,1,1,50416,1,1,1
103656,1,1,50416,1,1,3
103660,1,1,50416,2,2,3
103674,1,1,50416,1,1,3
103675,1,1,50416,1,1,3
103677,1,1,50416,1,1,3
103678,1,1,50416,1,1,3
103682,1,1,50416,1,1,1
103686,1,1,50416,1,1,3
103695,1,1,50816,1,1,4
103714,1,1,50816,1,1,4
103726,1,1,50816,1,1,4
103732,1,1,50816,1,1,2
103735,1,1,50816,1,1,4
103739,1,1,50816,1,1,4
103747,1,1,50816,1,1,4
103755,1,1,50816,1,1,4
103756,1,1,50816,1,1,4
103759,1,1,50816,1,1,4
103760,1,1,50816,1,1,4
200002,2,2,30416,1,1,3
200012,2,2,22916,1,1,1
200015,2,2,22916,1,1,3
200018,2,2,30816,1,1,1
200020,2,2,22916,1,1,3
200021,2,2,22916,1,1,3
200024,2,2,22916,1,1,3
200027,2,2,40816,1,1,3
200032,2,2,30116,1,1,3
200034,2,2,30416,2,2,3
200037,2,2,42916,1,1,3
200040,2,2,22916,1,1,3
200041,2,2,22916,1,1,3
200042,2,2,22916,1,1,3
200045,2,2,22916,1,1,3
200051,2,2,22916,1,1,3
200055,2,2,22916,1,1,3
200059,2,2,22916,1,1,2
200060,2,2,30416,1,1,3
200068,2,2,22916,1,1,3
200069,2,2,22916,1,1,2
200072,2,2,22916,1,1,3
200074,2,2,22916,1,1,3
200080,2,2,22916,1,1,3
200089,2,2,22916,1,1,2
200090,2,2,22916,1,1,3
200091,2,2,22916,1,1,3
200096,2,2,22916,1,1,3
200099,2,2,22916,1,1,4
200102,2,2,22916,1,1,3
200103,2,2,22916,1,1,3
200104,2,2,30516,1,1,4
200105,2,2,30316,1,1,3
200110,2,2,30416,1,1,3
200112,2,2,22916,1,1,3
200117,2,2,22916,1,1,1
200122,2,2,22916,1,1,3
200130,2,2,22916,1,1,4
200137,2,2,22916,1,1,1
200141,2,2,22916,1,1,3
200142,2,2,22916,1,1,1
200143,2,2,22916,1,1,1
200150,2,2,22916,1,1,1
200154,2,2,22916,1,1,1
200155,2,2,22916,1,1,3
200162,2,2,22916,1,1,3
200164,2,2,22916,1,1,1
200175,2,2,22916,1,1,2
200179,2,2,30316,2,2,1
200180,2,2,22916,1,1,3
200182,2,2,22916,1,1,1
200184,2,2,22916,1,1,1
200185,2,2,30116,1,1,3
200186,2,2,22916,1,1,2
200188,2,2,22916,1,1,1
200199,2,2,30416,2,2,2
200200,2,2,22916,1,1,1
200207,2,2,22916,1,1,3
200212,2,2,22916,1,1,3
200213,2,2,22916,1,1,3
200220,2,2,22916,1,1,3
200225,2,2,22916,1,1,2
200228,2,2,22916,1,1,3
200232,2,2,22916,1,1,3
200240,2,2,30616,2,2,3
200245,2,2,22916,1,1,3
200246,2,2,30416,2,2,2
200247,2,2,22916,1,1,2
200252,2,2,22916,1,1,2
200259,2,2,22916,1,1,3
200260,2,2,22916,1,1,3
200263,2,2,22916,1,1,3
200265,2,2,22916,1,1,3
200271,2,2,22916,1,1,2
200274,2,2,22916,1,1,4
200279,2,2,31316,1,1,3
200282,2,2,22916,1,1,4
200284,2,2,22916,1,1,4
200285,2,2,22916,1,1,4
200286,2,2,30916,2,2,4
200291,2,2,22916,1,1,4
200300,2,2,22916,1,1,4
200309,2,2,50816,1,1,4
200317,2,2,22916,1,1,4
200318,2,2,22916,1,1,4
200320,2,2,30516,1,1,4
200328,2,2,31116,1,1,4
200333,2,2,22916,1,1,4
200338,2,2,22916,1,1,4
200340,2,2,22916,1,1,4
200351,2,2,30116,1,1,3
200354,2,2,30116,1,1,3
200356,2,2,30116,1,1,3
200360,2,2,30116,1,1,3
200364,2,2,30116,1,1,2
200365,2,2,30116,1,1,3
200366,2,2,30116,1,1,2
200367,2,2,30116,1,1,3
200371,2,2,30116,1,1,3
200373,2,2,30516,2,2,3
200382,2,2,30116,1,1,3
200383,2,2,30116,1,1,2
200384,2,2,30116,1,1,2
200386,2,2,30116,1,1,3
200387,2,2,30116,1,1,3
200390,2,2,30316,2,2,1
200392,2,2,30116,1,1,3
200394,2,2,30116,1,1,1
200399,2,2,30116,1,1,3
200402,2,2,30116,1,1,1
200405,2,2,30116,1,1,3
200408,2,2,30116,1,1,1
200412,2,2,30116,1,1,4
200414,2,2,30116,1,1,3
200417,2,2,30116,1,1,1
200421,2,2,50416,1,1,3
200424,2,2,30216,1,1,3
200428,2,2,30216,1,1,2
200431,2,2,30216,1,1,1
200432,2,2,30216,1,1,2
200433,2,2,30216,1,1,1
200437,2,2,30216,1,1,3
200438,2,2,30216,1,1,1
200440,2,2,30216,1,1,2
200441,2,2,30216,1,1,2
200447,2,2,30216,1,1,3
200453,2,2,30216,1,1,3
200455,2,2,30216,1,1,2
200469,2,2,30216,1,1,3
200479,2,2,30216,1,1,3
200483,2,2,30316,1,1,3
200484,2,2,31116,1,1,4
200485,2,2,30216,1,1,4
200487,2,2,30216,1,1,2
200495,2,2,30216,1,1,2
200499,2,2,30216,1,1,3
200500,2,2,30216,1,1,2
200501,2,2,30216,1,1,3
200502,2,2,30516,1,1,1
200503,2,2,30216,1,1,4
200507,2,2,30316,1,1,4
200510,2,2,30216,1,1,3
200515,2,2,30216,1,1,2
200516,2,2,30216,1,1,3
200517,2,2,30216,1,1,4
200520,2,2,30216,1,1,1
200526,2,2,30216,1,1,1
200529,2,2,30216,1,1,4
200533,2,2,31216,1,1,3
200543,2,2,30216,1,1,4
200549,2,2,30216,1,1,3
200555,2,2,30216,1,1,4
200556,2,2,30216,1,1,3
200562,2,2,30216,1,1,3
200565,2,2,30216,1,1,3
200566,2,2,32816,2,2,2
200567,2,2,30616,1,1,4
200569,2,2,30216,1,1,3
200570,2,2,30216,1,1,3
200573,2,2,30216,2,2,3
200583,2,2,50416,1,1,4
200585,2,2,30916,2,2,3
200586,2,2,30216,1,1,3
200590,2,2,30816,1,1,4
200594,2,2,30816,1,1,2
200595,2,2,31116,2,2,4
200606,2,2,30216,1,1,4
200607,2,2,30516,2,2,4
200615,2,2,30216,1,1,4
200623,2,2,30216,1,1,4
200624,2,2,31316,2,2,4
200625,2,2,30316,1,1,4
200628,2,2,30216,1,1,4
200629,2,2,31416,1,1,4
200635,2,2,30316,1,1,3
200636,2,2,30316,1,1,3
200642,2,2,30316,2,2,1
200643,2,2,30316,1,1,3
200644,2,2,30516,1,1,1
200647,2,2,30316,1,1,3
200652,2,2,30316,1,1,3
200656,2,2,30316,1,1,3
200662,2,2,31816,2,2,1
200671,2,2,30316,1,1,3
200675,2,2,30316,1,1,3
200683,2,2,30316,1,1,2
200685,2,2,31316,1,1,3
200691,2,2,31016,1,1,4
200695,2,2,30316,1,1,3
200699,2,2,30316,1,1,2
200700,2,2,50416,1,1,3
200701,2,2,30316,1,1,4
200706,2,2,30316,1,1,4
200709,2,2,30316,2,2,3
200712,2,2,30316,1,1,2
200713,2,2,30316,1,1,3
200720,2,2,31516,1,1,1
200722,2,2,31616,1,1,3
200726,2,2,30316,1,1,4
200729,2,2,30316,1,1,4
200733,2,2,30316,1,1,4
200734,2,2,30316,1,1,3
200735,2,2,30316,1,1,4
200736,2,2,31216,2,2,3
200743,2,2,32916,1,1,4
200744,2,2,30316,1,1,4
200749,2,2,30316,2,2,4
200750,2,2,30316,1,1,4
200759,2,2,32916,2,2,3
200763,2,2,30316,1,1,3
200765,2,2,31816,2,2,3
200767,2,2,30316,1,1,4
200768,2,2,31316,2,2,4
200769,2,2,30916,2,2,4
200772,2,2,30316,1,1,3
200774,2,2,30316,1,1,3
200777,2,2,30316,1,1,4
200779,2,2,30316,1,1,4
200782,2,2,30316,1,1,4
200783,2,2,30316,1,1,4
200785,2,2,31416,1,1,4
200790,2,2,31216,1,1,4
200791,2,2,30316,1,1,4
200794,2,2,30416,1,1,4
200795,2,2,30416,1,1,2
200798,2,2,30416,1,1,3
200799,2,2,30416,1,1,3
200801,2,2,30416,1,1,3
200807,2,2,32216,1,1,1
200809,2,2,30516,2,2,3
200811,2,2,30416,1,1,1
200817,2,2,30416,1,1,3
200830,2,2,30416,2,2,3
200834,2,2,30416,1,1,3
200839,2,2,30416,1,1,3
200840,2,2,30416,1,1,3
200841,2,2,31516,1,1,1
200844,2,2,30816,1,1,1
200851,2,2,30416,1,1,3
200855,2,2,30416,1,1,3
200860,2,2,30416,1,1,3
200864,2,2,30416,1,1,2
200866,2,2,30416,1,1,3
200868,2,2,30416,1,1,3
200871,2,2,30416,1,1,3
200877,2,2,30416,1,1,3
200878,2,2,30416,2,2,1
200883,2,2,31516,1,1,3
200886,2,2,30416,1,1,3
200900,2,2,30416,1,1,2
200905,2,2,30416,1,1,1
200907,2,2,30416,1,1,2
200908,2,2,30416,1,1,2
200909,2,2,30416,1,1,3
200912,2,2,30416,1,1,1
200919,2,2,42316,2,2,3
200920,2,2,30416,2,2,4
200923,2,2,30416,1,1,4
200927,2,2,31216,2,2,4
200931,2,2,30416,1,1,4
200934,2,2,30416,1,1,4
200941,2,2,30416,1,1,4
200945,2,2,30516,1,1,4
200946,2,2,31616,1,1,4
200951,2,2,30516,1,1,3
200952,2,2,30516,1,1,3
200964,2,2,31516,1,1,1
200965,2,2,30516,1,1,2
200966,2,2,31316,2,2,3
200980,2,2,30516,1,1,1
200981,2,2,30516,1,1,3
200984,2,2,30516,1,1,3
200986,2,2,30516,1,1,3
200991,2,2,30516,1,1,3
200996,2,2,41016,1,1,2
201003,2,2,30516,1,1,1
201006,2,2,30516,1,1,1
201024,2,2,30816,2,2,3
201031,2,2,30516,1,1,3
201035,2,2,32916,2,2,4
201036,2,2,30516,1,1,3
201040,2,2,30516,1,1,2
201043,2,2,30816,1,1,3
201045,2,2,30516,1,1,2
201046,2,2,31116,1,1,3
201052,2,2,30516,1,1,1
201054,2,2,30516,1,1,3
201055,2,2,30516,1,1,1
201056,2,2,30516,2,2,4
201057,2,2,30516,1,1,3
201059,2,2,30516,1,1,1
201060,2,2,32016,2,2,3
201076,2,2,30516,1,1,1
201081,2,2,30516,1,1,3
201086,2,2,30816,1,1,3
201088,2,2,30516,1,1,1
201089,2,2,30516,1,1,3
201093,2,2,31516,1,1,3
201103,2,2,42716,2,2,3
201104,2,2,31016,1,1,3
201108,2,2,30516,1,1,1
201110,2,2,30516,1,1,1
201117,2,2,30616,1,1,3
201122,2,2,30516,1,1,4
201124,2,2,31516,1,1,3
201127,2,2,31316,1,1,4
201128,2,2,30616,1,1,3
201136,2,2,30616,1,1,4
201137,2,2,30616,1,1,4
201138,2,2,30616,1,1,4
201142,2,2,30616,1,1,2
201149,2,2,30616,1,1,1
201153,2,2,30616,1,1,4
201155,2,2,30616,1,1,1
201156,2,2,30616,1,1,2
201159,2,2,31216,1,1,3
201162,2,2,30816,1,1,3
201165,2,2,30616,1,1,1
201168,2,2,30616,1,1,3
201170,2,2,30616,1,1,3
201173,2,2,30616,1,1,3
201175,2,2,30616,1,1,2
201180,2,2,30616,1,1,4
201183,2,2,30616,1,1,2
201187,2,2,30616,1,1,4
201189,2,2,30616,1,1,3
201192,2,2,30616,1,1,3
201193,2,2,30616,1,1,4
201194,2,2,31516,1,1,1
201198,2,2,30616,1,1,2
201200,2,2,32616,1,1,3
201207,2,2,30816,1,1,3
201209,2,2,30616,1,1,1
201213,2,2,30616,1,1,3
201215,2,2,31316,1,1,3
201218,2,2,30616,1,1,1
201221,2,2,30616,1,1,3
201224,2,2,30616,2,2,3
201231,2,2,30616,1,1,3
201232,2,2,30616,1,1,3
201234,2,2,30616,1,1,1
201236,2,2,30616,1,1,3
201239,2,2,30616,1,1,4
201245,2,2,30816,1,1,4
201250,2,2,30916,2,2,1
201251,2,2,31516,1,1,4
201255,2,2,30616,1,1,4
201257,2,2,30616,1,1,3
201264,2,2,42216,1,1,4
201267,2,2,33016,2,2,4
201270,2,2,30616,1,1,4
201271,2,2,31016,2,2,4
201280,2,2,30616,1,1,4
201283,2,2,50316,1,1,1
201287,2,2,30616,1,1,4
201292,2,2,31316,1,1,3
201295,2,2,30916,1,1,3
201299,2,2,30816,1,1,1
201304,2,2,30916,1,1,1
201306,2,2,30816,1,1,1
201307,2,2,30816,1,1,1
201318,2,2,30816,1,1,2
201321,2,2,30816,1,1,2
201327,2,2,50316,1,1,3
201329,2,2,30816,1,1,3
201331,2,2,30816,1,1,2
201335,2,2,30816,1,1,1
201336,2,2,30816,1,1,2
201338,2,2,30816,1,1,3
201339,2,2,30816,1,1,2
201340,2,2,30816,1,1,3
201341,2,2,30816,1,1,3
201345,2,2,30916,2,2,3
201350,2,2,30816,1,1,3
201351,2,2,30816,1,1,1
201352,2,2,30816,1,1,3
201354,2,2,30816,1,1,2
201358,2,2,30816,1,1,2
201361,2,2,30816,1,1,3
201363,2,2,30816,1,1,2
201365,2,2,31516,1,1,3
201368,2,2,30816,1,1,3
201371,2,2,30916,1,1,3
201372,2,2,30816,1,1,1
201375,2,2,30916,1,1,1
201376,2,2,30916,1,1,1
201378,2,2,30816,1,1,3
201388,2,2,30816,1,1,3
201391,2,2,30816,1,1,3
201392,2,2,30816,1,1,3
201400,2,2,30816,2,2,4
201403,2,2,30816,1,1,4
201409,2,2,30816,1,1,4
201410,2,2,30816,1,1,4
201412,2,2,30816,1,1,4
201414,2,2,30916,1,1,4
201415,2,2,31416,1,1,4
201431,2,2,31316,1,1,3
201436,2,2,30916,1,1,2
201447,2,2,30916,1,1,3
201448,2,2,30916,1,1,3
201455,2,2,31016,1,1,3
201460,2,2,30916,1,1,2
201461,2,2,40616,1,1,3
201462,2,2,30916,1,1,2
201463,2,2,30916,1,1,3
201468,2,2,30916,1,1,3
201469,2,2,30916,1,1,1
201472,2,2,30916,1,1,3
201474,2,2,30916,2,2,3
201478,2,2,30916,1,1,2
201479,2,2,30916,1,1,4
201487,2,2,31016,1,1,2
201490,2,2,30916,1,1,3
201491,2,2,50416,2,2,1
201494,2,2,30916,1,1,3
201497,2,2,30916,1,1,2
201498,2,2,30916,1,1,4
201500,2,2,40516,2,2,3
201504,2,2,30916,1,1,3
201511,2,2,30916,1,1,4
201520,2,2,31516,1,1,3
201521,2,2,30916,1,1,1
201530,2,2,30916,1,1,4
201540,2,2,30916,1,1,4
201549,2,2,32916,2,2,2
201551,2,2,30916,1,1,3
201552,2,2,30916,1,1,3
201554,2,2,31016,1,1,3
201562,2,2,31016,1,1,1
201573,2,2,31516,1,1,1
201575,2,2,40616,1,1,2
201576,2,2,31016,1,1,3
201578,2,2,31016,1,1,3
201585,2,2,31016,1,1,3
201587,2,2,31016,1,1,3
201590,2,2,31016,1,1,3
201591,2,2,31016,1,1,2
201594,2,2,32916,1,1,3
201598,2,2,50416,2,2,3
201605,2,2,32816,2,2,3
201607,2,2,31116,1,1,3
201610,2,2,31016,1,1,1
201611,2,2,31016,1,1,1
201617,2,2,31116,1,1,1
201618,2,2,31016,1,1,3
201622,2,2,31516,1,1,3
201623,2,2,31116,1,1,3
201624,2,2,31116,2,2,1
201631,2,2,31016,1,1,3
201632,2,2,40816,1,1,3
201633,2,2,31016,1,1,2
201634,2,2,31016,1,1,3
201640,2,2,31016,1,1,3
201646,2,2,31016,1,1,3
201652,2,2,50416,1,1,1
201653,2,2,31516,1,1,3
201655,2,2,50316,1,1,3
201658,2,2,31016,1,1,2
201662,2,2,31016,1,1,3
201665,2,2,31016,1,1,3
201666,2,2,31016,1,1,3
201669,2,2,31016,1,1,2
201673,2,2,31016,1,1,3
201676,2,2,31016,2,2,4
201678,2,2,31016,1,1,3
201680,2,2,31016,1,1,3
201681,2,2,31016,1,1,3
201683,2,2,31016,1,1,3
201687,2,2,31516,1,1,3
201690,2,2,31016,1,1,3
201691,2,2,31016,1,1,3
201697,2,2,31016,1,1,2
201700,2,2,31216,2,2,4
201707,2,2,40316,1,1,3
201708,2,2,31016,1,1,4
201718,2,2,31116,1,1,1
201724,2,2,40816,1,1,2
201726,2,2,31116,1,1,3
201727,2,2,32716,1,1,3
201737,2,2,31116,1,1,3
201740,2,2,31316,2,2,3
201752,2,2,31116,1,1,1
201754,2,2,31116,1,1,3
201755,2,2,31516,1,1,3
201757,2,2,31216,1,1,3
201762,2,2,31116,1,1,3
201764,2,2,31116,1,1,4
201772,2,2,31116,1,1,4
201776,2,2,31116,1,1,2
201778,2,2,31116,1,1,3
201781,2,2,31116,1,1,2
201782,2,2,31416,1,1,3
201785,2,2,31316,2,2,4
201795,2,2,31116,1,1,4
201797,2,2,31116,1,1,4
201798,2,2,31116,2,2,4
201816,2,2,31116,1,1,4
201838,2,2,31416,1,1,4
201846,2,2,40316,1,1,4
201851,2,2,31216,1,1,1
201859,2,2,31216,1,1,3
201861,2,2,31216,1,1,3
201862,2,2,32216,2,2,3
201865,2,2,41916,1,1,4
201871,2,2,41016,1,1,4
201878,2,2,31516,1,1,3
201886,2,2,31216,1,1,4
201887,2,2,31216,1,1,4
201899,2,2,31216,1,1,4
201902,2,2,32816,2,2,4
201908,2,2,31216,1,1,3
201924,2,2,31216,1,1,1
201929,2,2,31216,2,2,4
201939,2,2,31216,1,1,1
201949,2,2,32016,2,2,1
201955,2,2,31216,1,1,3
201957,2,2,31216,1,1,3
201960,2,2,31216,1,1,1
201965,2,2,31216,1,1,3
201966,2,2,41316,1,1,3
201972,2,2,31216,1,1,3
201987,2,2,31216,1,1,3
201989,2,2,31216,1,1,3
201994,2,2,31216,1,1,3
202004,2,2,31216,1,1,4
202006,2,2,31816,2,2,4
202016,2,2,31216,1,1,4
202020,2,2,31216,2,2,4
202021,2,2,31216,1,1,4
202028,2,2,31216,1,1,3
202030,2,2,31216,1,1,3
202039,2,2,31216,1,1,3
202040,2,2,31216,1,1,3
202042,2,2,31216,1,1,3
202044,2,2,31616,1,1,3
202052,2,2,31216,1,1,3
202055,2,2,31316,1,1,3
202056,2,2,31316,1,1,4
202057,2,2,31316,1,1,4
202060,2,2,31316,1,1,4
202064,2,2,31316,1,1,4
202065,2,2,31316,1,1,3
202066,2,2,31316,1,1,4
202068,2,2,31316,1,1,3
202069,2,2,32216,2,2,3
202070,2,2,40816,1,1,3
202072,2,2,31316,1,1,4
202074,2,2,31316,1,1,4
202075,2,2,31316,1,1,4
202082,2,2,31416,1,1,2
202084,2,2,31316,1,1,2
202092,2,2,31316,1,1,3
202093,2,2,31316,1,1,3
202095,2,2,31416,1,1,1
202101,2,2,31316,1,1,2
202104,2,2,33016,2,2,3
202106,2,2,31316,1,1,2
202107,2,2,31316,1,1,3
202108,2,2,31316,1,1,3
202111,2,2,31316,1,1,3
202115,2,2,31316,1,1,3
202116,2,2,31316,1,1,2
202120,2,2,31316,1,1,3
202121,2,2,31316,1,1,2
202126,2,2,32416,2,2,3
202129,2,2,31316,1,1,3
202136,2,2,31316,1,1,3
202138,2,2,31316,1,1,1
202139,2,2,31316,1,1,3
202141,2,2,31316,1,1,3
202142,2,2,31316,1,1,3
202149,2,2,31416,1,1,1
202157,2,2,31316,1,1,3
202163,2,2,31316,1,1,3
202166,2,2,50316,1,1,3
202168,2,2,31316,1,1,3
202173,2,2,31316,1,1,2
202181,2,2,31316,1,1,3
202191,2,2,31316,1,1,3
202198,2,2,31316,1,1,2
202205,2,2,40616,2,2,4
202207,2,2,31316,1,1,4
202208,2,2,31316,1,1,3
202209,2,2,31316,1,1,1
202212,2,2,31316,1,1,3
202214,2,2,31316,1,1,2
202221,2,2,31316,1,1,3
202232,2,2,31316,1,1,3
202237,2,2,31316,1,1,2
202245,2,2,31316,1,1,2
202252,2,2,31316,1,1,4
202260,2,2,31316,1,1,4
202262,2,2,31316,1,1,4
202263,2,2,31316,1,1,4
202271,2,2,31316,1,1,4
202273,2,2,31416,1,1,4
202278,2,2,31416,1,1,2
202280,2,2,31416,1,1,3
202281,2,2,31916,1,1,3
202282,2,2,31416,1,1,1
202283,2,2,31416,1,1,1
202285,2,2,41316,1,1,3
202287,2,2,31416,1,1,2
202291,2,2,31416,1,1,3
202292,2,2,31416,1,1,3
202301,2,2,31416,1,1,2
202312,2,2,31416,1,1,2
202313,2,2,31416,1,1,2
202315,2,2,50516,1,1,3
202318,2,2,31816,1,1,3
202320,2,2,31416,1,1,2
202321,2,2,31416,1,1,4
202324,2,2,31416,1,1,4
202325,2,2,31416,1,1,4
202328,2,2,31416,1,1,4
202331,2,2,31416,1,1,4
202333,2,2,40416,1,1,4
202339,2,2,31416,1,1,4
202348,2,2,32816,2,2,3
202367,2,2,31416,1,1,4
202371,2,2,31416,1,1,4
202375,2,2,31416,1,1,4
202376,2,2,31416,1,1,4
202379,2,2,31416,1,1,4
202383,2,2,40816,1,1,3
202390,2,2,31916,1,1,3
202394,2,2,31516,1,1,3
202396,2,2,31516,1,1,1
202398,2,2,31516,1,1,3
202400,2,2,32816,2,2,3
202401,2,2,31516,1,1,2
202408,2,2,31516,1,1,3
202409,2,2,31616,1,1,3
202413,2,2,31516,1,1,3
202414,2,2,31516,1,1,3
202415,2,2,31516,1,1,3
202418,2,2,31516,1,1,3
202428,2,2,31516,1,1,3
202429,2,2,31516,1,1,2
202434,2,2,31516,1,1,3
202435,2,2,31516,1,1,2
202437,2,2,31516,1,1,1
202438,2,2,31516,1,1,3
202441,2,2,31516,1,1,3
202443,2,2,31516,1,1,1
202457,2,2,31516,1,1,3
202459,2,2,31516,2,2,4
202460,2,2,31516,1,1,4
202468,2,2,50716,2,2,3
202475,2,2,31516,1,1,3
202485,2,2,31516,1,1,2
202489,2,2,31516,1,1,3
202495,2,2,31516,1,1,4
202503,2,2,31516,2,2,4
202504,2,2,31516,1,1,4
202506,2,2,31516,2,2,4
202508,2,2,31616,1,1,3
202518,2,2,31616,1,1,2
202521,2,2,31816,1,1,3
202537,2,2,31616,1,1,3
202539,2,2,32416,1,1,3
202543,2,2,32416,1,1,2
202548,2,2,31616,1,1,3
202549,2,2,31816,2,2,4
202555,2,2,31616,1,1,1
202556,2,2,40616,1,1,3
202560,2,2,31616,1,1,3
202563,2,2,41216,2,2,4
202572,2,2,31616,1,1,4
202577,2,2,31616,1,1,4
202582,2,2,31616,1,1,4
202586,2,2,43016,2,2,4
202591,2,2,32516,1,1,3
202593,2,2,32216,1,1,1
202594,2,2,31916,1,1,2
202595,2,2,31816,1,1,4
202596,2,2,31816,1,1,3
202609,2,2,31816,1,1,1
202610,2,2,31816,1,1,3
202615,2,2,31816,1,1,2
202618,2,2,31816,1,1,3
202622,2,2,31816,1,1,3
202625,2,2,31816,1,1,3
202629,2,2,31816,1,1,3
202631,2,2,31816,1,1,3
202635,2,2,32116,1,1,3
202638,2,2,32516,1,1,1
202642,2,2,31816,1,1,3
202643,2,2,31816,1,1,2
202656,2,2,31816,1,1,4
202660,2,2,31816,1,1,3
202664,2,2,31816,1,1,4
202669,2,2,40816,1,1,3
202675,2,2,31816,1,1,2
202676,2,2,31916,1,1,3
202678,2,2,31816,1,1,4
202682,2,2,31816,1,1,4
202684,2,2,31816,1,1,3
202685,2,2,31816,1,1,4
202688,2,2,31816,1,1,4
202690,2,2,31816,1,1,4
202691,2,2,31816,1,1,4
202693,2,2,32416,2,2,1
202695,2,2,31916,1,1,3
202701,2,2,31916,1,1,3
202704,2,2,31916,1,1,3
202707,2,2,32316,2,2,3
202708,2,2,31916,1,1,3
202712,2,2,31916,1,1,3
202716,2,2,40716,1,1,3
202720,2,2,32016,2,2,4
202722,2,2,31916,1,1,4
202724,2,2,42616,1,1,3
202725,2,2,31916,1,1,3
202737,2,2,31916,1,1,3
202742,2,2,31916,1,1,3
202749,2,2,31916,1,1,1
202752,2,2,32316,1,1,1
202758,2,2,31916,1,1,3
202763,2,2,31916,2,2,3
202768,2,2,31916,1,1,3
202769,2,2,32816,1,1,1
202770,2,2,31916,1,1,3
202778,2,2,32016,2,2,3
202782,2,2,32016,2,2,1
202783,2,2,31916,1,1,3
202787,2,2,31916,1,1,3
202795,2,2,31916,1,1,1
202806,2,2,31916,1,1,3
202809,2,2,31916,1,1,4
202820,2,2,31916,1,1,3
202824,2,2,31916,1,1,3
202827,2,2,31916,1,1,3
202828,2,2,31916,1,1,3
202830,2,2,32216,2,2,3
202831,2,2,31916,1,1,3
202842,2,2,31916,1,1,4
202847,2,2,31916,1,1,4
202848,2,2,31916,2,2,4
202852,2,2,31916,1,1,3
202857,2,2,31916,1,1,1
202860,2,2,31916,1,1,4
202863,2,2,31916,1,1,4
202865,2,2,31916,1,1,4
202866,2,2,31916,2,2,2
202881,2,2,31916,1,1,3
202882,2,2,31916,1,1,4
202883,2,2,31916,1,1,2
202884,2,2,32416,2,2,3
202890,2,2,31916,1,1,3
202899,2,2,31916,1,1,3
202900,2,2,31916,1,1,3
202905,2,2,31916,1,1,4
202909,2,2,50316,1,1,3
202912,2,2,31916,1,1,4
202925,2,2,31916,1,1,1
202931,2,2,31916,1,1,2
202933,2,2,31916,1,1,4
202934,2,2,50516,2,2,4
202936,2,2,31916,1,1,4
202937,2,2,40816,1,1,3
202941,2,2,31916,1,1,4
202942,2,2,31916,1,1,4
202944,2,2,31916,1,1,4
202952,2,2,32016,1,1,3
202956,2,2,32016,1,1,3
202958,2,2,32016,1,1,3
202962,2,2,41716,2,2,4
202964,2,2,32016,1,1,4
202966,2,2,32016,2,2,4
202969,2,2,32216,2,2,4
202970,2,2,32016,1,1,4
202971,2,2,32016,1,1,4
202972,2,2,50316,1,1,4
202973,2,2,32016,1,1,1
202974,2,2,32016,1,1,4
202977,2,2,32016,2,2,3
202978,2,2,32016,1,1,4
202979,2,2,41516,1,1,3
202980,2,2,32016,1,1,2
202981,2,2,32016,1,1,4
202985,2,2,32016,1,1,3
202987,2,2,32016,1,1,2
202990,2,2,32016,1,1,2
202995,2,2,32016,1,1,2
202996,2,2,32016,1,1,3
202997,2,2,32016,1,1,1
203006,2,2,32016,1,1,2
203008,2,2,32016,1,1,4
203009,2,2,32016,1,1,1
203012,2,2,32016,1,1,3
203014,2,2,32016,1,1,4
203015,2,2,32016,1,1,3
203016,2,2,32016,1,1,3
203026,2,2,32016,1,1,3
203027,2,2,32016,1,1,3
203031,2,2,32016,1,1,3
203039,2,2,32016,1,1,3
203041,2,2,32016,1,1,2
203042,2,2,32016,1,1,3
203043,2,2,32016,1,1,3
203049,2,2,32016,1,1,3
203056,2,2,32016,1,1,3
203062,2,2,32016,1,1,4
203063,2,2,32016,1,1,3
203067,2,2,41616,2,2,4
203068,2,2,32016,1,1,4
203071,2,2,32116,1,1,4
203072,2,2,40916,1,1,4
203075,2,2,32616,1,1,4
203076,2,2,32316,1,1,2
203078,2,2,32116,1,1,3
203080,2,2,32116,1,1,2
203086,2,2,32116,1,1,1
203093,2,2,32116,1,1,2
203101,2,2,32316,1,1,3
203105,2,2,32116,1,1,1
203106,2,2,32116,1,1,3
203107,2,2,32116,1,1,3
203110,2,2,32116,1,1,1
203111,2,2,32116,1,1,3
203112,2,2,32116,1,1,3
203113,2,2,32116,1,1,3
203126,2,2,32116,1,1,2
203127,2,2,32116,1,1,3
203130,2,2,32116,1,1,3
203131,2,2,32116,1,1,2
203135,2,2,32116,1,1,3
203136,2,2,32116,1,1,1
203142,2,2,32116,1,1,3
203143,2,2,32116,1,1,3
203144,2,2,32116,1,1,3
203145,2,2,32116,1,1,2
203147,2,2,32116,1,1,1
203151,2,2,32116,1,1,2
203160,2,2,32116,1,1,1
203163,2,2,32116,1,1,1
203164,2,2,32116,1,1,1
203171,2,2,32116,1,1,3
203172,2,2,32116,1,1,1
203173,2,2,32116,1,1,3
203177,2,2,32416,2,2,4
203179,2,2,40316,1,1,1
203180,2,2,32116,1,1,1
203181,2,2,32116,1,1,3
203186,2,2,32116,1,1,3
203190,2,2,32116,1,1,4
203194,2,2,32116,1,1,3
203200,2,2,32216,1,1,3
203211,2,2,32216,1,1,3
203212,2,2,32216,1,1,3
203216,2,2,32216,1,1,1
203219,2,2,32216,1,1,1
203222,2,2,32216,1,1,2
203226,2,2,32216,2,2,3
203228,2,2,32216,1,1,3
203231,2,2,32216,1,1,3
203232,2,2,32216,1,1,2
203245,2,2,32316,1,1,1
203247,2,2,32316,1,1,3
203248,2,2,41216,1,1,1
203251,2,2,42016,1,1,2
203254,2,2,32316,1,1,3
203255,2,2,32816,2,2,1
203257,2,2,32916,1,1,3
203260,2,2,32216,1,1,3
203264,2,2,32216,1,1,1
203267,2,2,32516,1,1,3
203270,2,2,32216,1,1,2
203274,2,2,32216,1,1,2
203279,2,2,32216,1,1,3
203281,2,2,32216,1,1,2
203282,2,2,32216,1,1,3
203283,2,2,32216,1,1,1
203286,2,2,32216,1,1,3
203288,2,2,32216,1,1,1
203291,2,2,32216,1,1,2
203297,2,2,32216,1,1,1
203298,2,2,32216,1,1,1
203301,2,2,32716,1,1,1
203302,2,2,32216,1,1,3
203305,2,2,32216,1,1,2
203312,2,2,40416,1,1,4
203323,2,2,32416,1,1,4
203327,2,2,50416,1,1,4
203328,2,2,32216,1,1,4
203329,2,2,32216,1,1,4
203330,2,2,32216,1,1,4
203331,2,2,32216,1,1,4
203335,2,2,32216,1,1,4
203337,2,2,32216,1,1,4
203338,2,2,33016,2,2,4
203343,2,2,32316,1,1,1
203348,2,2,32316,1,1,1
203353,2,2,32316,1,1,2
203354,2,2,32316,1,1,3
203360,2,2,40816,1,1,3
203364,2,2,32316,1,1,3
203367,2,2,32316,1,1,1
203368,2,2,32316,1,1,3
203371,2,2,40716,1,1,3
203372,2,2,32316,1,1,3
203385,2,2,32416,1,1,1
203389,2,2,32316,1,1,3
203394,2,2,32316,1,1,1
203398,2,2,32916,1,1,3
203401,2,2,32416,1,1,1
203405,2,2,32316,1,1,1
203406,2,2,32316,1,1,3
203407,2,2,40616,1,1,3
203410,2,2,32816,2,2,3
203421,2,2,50816,2,2,3
203422,2,2,32316,1,1,1
203425,2,2,32316,1,1,3
203430,2,2,32316,1,1,1
203432,2,2,32316,1,1,1
203439,2,2,41216,2,2,4
203440,2,2,32316,1,1,4
203441,2,2,32316,1,1,4
203449,2,2,32416,1,1,1
203454,2,2,32416,1,1,1
203457,2,2,32416,1,1,3
203458,2,2,32516,1,1,1
203459,2,2,32416,1,1,1
203462,2,2,32416,1,1,3
203464,2,2,32416,1,1,1
203478,2,2,32416,1,1,3
203479,2,2,32416,1,1,3
203485,2,2,32416,1,1,2
203487,2,2,32416,1,1,2
203490,2,2,32416,1,1,1
203493,2,2,32416,1,1,2
203494,2,2,32416,1,1,3
203496,2,2,32416,1,1,3
203502,2,2,32416,1,1,3
203511,2,2,32416,1,1,2
203514,2,2,32416,1,1,1
203520,2,2,32416,1,1,2
203521,2,2,32416,1,1,2
203522,2,2,32416,1,1,1
203523,2,2,32416,1,1,1
203524,2,2,32916,2,2,3
203527,2,2,33016,2,2,4
203528,2,2,32416,1,1,1
203529,2,2,32416,1,1,1
203532,2,2,32416,1,1,4
203534,2,2,50416,1,1,3
203536,2,2,32416,2,2,4
203537,2,2,32416,1,1,2
203543,2,2,32416,1,1,3
203545,2,2,43016,2,2,3
203550,2,2,32416,1,1,4
203557,2,2,32416,1,1,4
203565,2,2,32516,1,1,3
203569,2,2,32516,1,1,1
203572,2,2,32516,1,1,3
203573,2,2,32516,1,1,1
203577,2,2,32516,1,1,1
203581,2,2,32516,1,1,3
203584,2,2,40616,1,1,3
203588,2,2,32516,1,1,1
203591,2,2,32516,1,1,3
203594,2,2,42216,1,1,3
203596,2,2,32516,1,1,2
203599,2,2,32516,1,1,3
203603,2,2,32516,1,1,3
203608,2,2,41016,1,1,3
203612,2,2,32516,1,1,2
203617,2,2,32516,1,1,2
203620,2,2,32516,1,1,3
203621,2,2,40816,1,1,2
203622,2,2,32516,1,1,3
203625,2,2,40616,1,1,3
203627,2,2,40516,1,1,2
203629,2,2,32516,1,1,3
203631,2,2,32516,1,1,2
203638,2,2,32516,1,1,2
203639,2,2,32516,1,1,3
203640,2,2,32516,1,1,3
203641,2,2,42816,1,1,3
203642,2,2,32516,1,1,2
203645,2,2,32516,1,1,2
203647,2,2,32516,1,1,3
203651,2,2,32516,1,1,4
203652,2,2,42216,1,1,4
203657,2,2,32516,1,1,4
203659,2,2,40416,1,1,4
203663,2,2,32616,1,1,3
203668,2,2,32616,1,1,3
203673,2,2,41316,1,1,3
203677,2,2,32616,1,1,4
203681,2,2,32616,1,1,3
203686,2,2,32616,1,1,4
203692,2,2,32616,1,1,4
203693,2,2,32616,1,1,4
203697,2,2,32616,1,1,3
203703,2,2,32616,1,1,2
203706,2,2,32616,1,1,3
203721,2,2,32616,1,1,4
203726,2,2,33016,2,2,4
203735,2,2,32616,1,1,3
203738,2,2,32616,1,1,4
203745,2,2,32616,1,1,4
203746,2,2,32616,1,1,4
203748,2,2,32616,1,1,4
203751,2,2,32616,1,1,3
203752,2,2,40416,1,1,3
203757,2,2,40516,2,2,3
203760,2,2,50316,1,1,3
203763,2,2,32616,1,1,3
203767,2,2,32616,1,1,2
203771,2,2,40516,1,1,3
203779,2,2,40116,2,2,1
203803,2,2,32616,1,1,3
203808,2,2,32616,1,1,3
203810,2,2,32616,1,1,3
203814,2,2,32616,1,1,2
203822,2,2,50416,1,1,3
203829,2,2,32616,1,1,3
203832,2,2,32616,1,1,3
203834,2,2,32616,1,1,3
203844,2,2,32616,1,1,4
203856,2,2,40216,1,1,4
203859,2,2,42316,1,1,4
203860,2,2,32616,1,1,4
203866,2,2,41016,1,1,4
203868,2,2,32616,1,1,4
203870,2,2,33016,2,2,4
203875,2,2,40716,1,1,4
203877,2,2,42316,2,2,4
203879,2,2,40516,1,1,3
203881,2,2,32716,1,1,4
203883,2,2,32716,1,1,3
203885,2,2,32716,1,1,4
203888,2,2,32716,1,1,1
203898,2,2,32716,1,1,1
203902,2,2,42616,1,1,3
203903,2,2,32716,1,1,3
203909,2,2,32816,2,2,3
203913,2,2,40316,1,1,3
203918,2,2,32716,1,1,3
203919,2,2,32716,1,1,2
203920,2,2,32716,1,1,1
203921,2,2,32716,1,1,3
203928,2,2,32716,1,1,1
203930,2,2,32716,1,1,3
203933,2,2,32716,1,1,1
203935,2,2,32716,1,1,3
203938,2,2,33116,1,1,4
203944,2,2,32716,1,1,3
203952,2,2,40916,1,1,4
203954,2,2,32716,1,1,3
203955,2,2,40116,1,1,1
203959,2,2,40216,1,1,1
203960,2,2,32716,1,1,3
203966,2,2,32716,1,1,2
203972,2,2,32716,1,1,3
203976,2,2,32716,1,1,2
203977,2,2,40816,1,1,1
203978,2,2,32716,1,1,3
203980,2,2,32716,1,1,1
203982,2,2,32716,1,1,3
203983,2,2,32716,1,1,3
203984,2,2,32716,1,1,1
203985,2,2,32716,1,1,1
203986,2,2,32716,1,1,3
203988,2,2,32716,1,1,3
203989,2,2,32716,1,1,2
203992,2,2,40116,1,1,3
203995,2,2,32716,1,1,3
203998,2,2,32716,1,1,2
204002,2,2,32716,1,1,3
204013,2,2,32716,1,1,4
204021,2,2,32816,1,1,3
204025,2,2,32816,1,1,3
204029,2,2,50616,1,1,2
204031,2,2,50316,1,1,1
204032,2,2,32816,1,1,1
204035,2,2,32816,1,1,3
204039,2,2,32816,2,2,3
204058,2,2,33116,2,2,3
204059,2,2,32816,2,2,3
204063,2,2,32816,1,1,1
204087,2,2,32816,1,1,4
204090,2,2,32816,1,1,4
204092,2,2,32816,1,1,4
204098,2,2,32816,1,1,2
204100,2,2,32816,1,1,3
204103,2,2,32816,1,1,1
204107,2,2,32816,1,1,2
204111,2,2,32816,1,1,3
204116,2,2,32816,1,1,3
204121,2,2,42316,2,2,3
204126,2,2,50416,2,2,4
204128,2,2,32816,1,1,3
204138,2,2,32816,2,2,4
204139,2,2,32816,1,1,4
204142,2,2,32916,1,1,3
204145,2,2,32916,1,1,3
204149,2,2,32916,1,1,1
204150,2,2,32916,1,1,1
204151,2,2,32916,1,1,1
204155,2,2,32916,1,1,1
204156,2,2,32916,1,1,3
204160,2,2,32916,1,1,1
204166,2,2,32916,1,1,3
204167,2,2,32916,1,1,2
204174,2,2,32916,1,1,3
204175,2,2,32916,1,1,3
204178,2,2,32916,1,1,3
204179,2,2,42916,2,2,1
204182,2,2,32916,1,1,3
204185,2,2,32916,1,1,3
204187,2,2,32916,1,1,2
204195,2,2,32916,1,1,3
204198,2,2,32916,1,1,1
204199,2,2,50316,1,1,3
204201,2,2,32916,1,1,3
204203,2,2,33016,1,1,2
204212,2,2,32916,1,1,1
204216,2,2,32916,1,1,1
204222,2,2,32916,1,1,2
204223,2,2,32916,1,1,1
204230,2,2,42516,2,2,2
204235,2,2,32916,1,1,2
204238,2,2,32916,2,2,3
204239,2,2,40816,1,1,4
204241,2,2,32916,1,1,4
204242,2,2,32916,1,1,4
204246,2,2,32916,1,1,4
204248,2,2,33016,1,1,1
204256,2,2,33016,1,1,1
204259,2,2,33016,1,1,3
204262,2,2,42016,1,1,2
204263,2,2,33016,2,2,3
204267,2,2,33016,1,1,3
204268,2,2,33016,1,1,1
204271,2,2,50416,1,1,1
204272,2,2,33016,1,1,3
204275,2,2,33016,1,1,1
204281,2,2,40116,2,2,3
204283,2,2,33016,1,1,1
204285,2,2,33016,1,1,3
204289,2,2,33016,1,1,3
204307,2,2,33016,1,1,3
204316,2,2,33016,2,2,4
204318,2,2,33016,1,1,2
204332,2,2,33016,1,1,4
204337,2,2,33016,1,1,4
204340,2,2,33016,1,1,4
204343,2,2,33116,1,1,3
204344,2,2,33116,2,2,1
204346,2,2,33116,1,1,3
204347,2,2,33116,1,1,1
204351,2,2,33116,1,1,3
204352,2,2,33116,1,1,2
204354,2,2,33116,2,2,3
204356,2,2,33116,1,1,3
204360,2,2,50516,1,1,3
204364,2,2,33116,1,1,1
204365,2,2,33116,1,1,3
204366,2,2,40416,2,2,3
204367,2,2,33116,1,1,3
204369,2,2,33116,1,1,1
204371,2,2,33116,1,1,3
204384,2,2,33116,1,1,3
204385,2,2,40316,1,1,1
204388,2,2,33116,1,1,3
204390,2,2,33116,1,1,3
204401,2,2,33116,1,1,3
204404,2,2,33116,1,1,2
204405,2,2,50416,1,1,3
204406,2,2,33116,1,1,3
204409,2,2,33116,1,1,2
204412,2,2,33116,1,1,3
204414,2,2,33116,2,2,3
204422,2,2,33116,1,1,3
204428,2,2,41616,2,2,4
204437,2,2,42616,1,1,4
204441,2,2,40516,1,1,4
204442,2,2,33116,1,1,4
204444,2,2,40916,2,2,4
204446,2,2,40316,1,1,4
204454,2,2,42916,2,2,4
204462,2,2,40116,1,1,1
204465,2,2,40116,1,1,2
204467,2,2,40116,1,1,3
204470,2,2,40116,1,1,3
204474,2,2,40116,1,1,3
204475,2,2,40116,1,1,1
204481,2,2,40116,1,1,1
204482,2,2,40116,1,1,3
204483,2,2,40116,1,1,3
204484,2,2,40116,1,1,1
204485,2,2,40116,1,1,2
204489,2,2,40116,1,1,3
204490,2,2,40116,1,1,3
204492,2,2,40116,2,2,3
204493,2,2,40116,1,1,1
204498,2,2,40116,1,1,3
204500,2,2,40516,2,2,3
204503,2,2,40116,1,1,3
204505,2,2,40116,1,1,1
204514,2,2,50416,1,1,1
204515,2,2,40116,1,1,3
204519,2,2,40116,2,2,3
204520,2,2,40116,1,1,1
204521,2,2,40116,1,1,3
204525,2,2,40116,1,1,3
204526,2,2,40116,2,2,4
204527,2,2,40116,1,1,3
204532,2,2,40116,1,1,3
204546,2,2,40216,1,1,3
204549,2,2,40216,1,1,3
204552,2,2,40216,1,1,4
204558,2,2,40216,1,1,4
204561,2,2,41316,1,1,3
204566,2,2,40216,1,1,3
204575,2,2,40216,1,1,4
204580,2,2,40216,1,1,4
204581,2,2,40216,1,1,3
204584,2,2,40216,1,1,4
204589,2,2,40216,1,1,3
204590,2,2,40216,1,1,3
204598,2,2,40216,1,1,1
204602,2,2,41016,1,1,4
204605,2,2,40216,1,1,4
204608,2,2,42616,2,2,4
204619,2,2,40316,1,1,2
204622,2,2,40216,1,1,4
204628,2,2,40316,1,1,3
204638,2,2,40416,1,1,4
204640,2,2,40316,1,1,4
204646,2,2,40416,1,1,1
204650,2,2,40316,1,1,4
204652,2,2,40716,1,1,3
204655,2,2,40316,2,2,3
204656,2,2,40316,1,1,4
204658,2,2,40316,1,1,4
204661,2,2,40316,1,1,1
204664,2,2,40316,1,1,2
204667,2,2,40316,1,1,3
204671,2,2,40316,1,1,3
204672,2,2,40316,1,1,1
204675,2,2,40316,1,1,4
204683,2,2,50316,1,1,4
204686,2,2,40316,1,1,4
204687,2,2,40316,1,1,2
204688,2,2,40816,2,2,4
204689,2,2,40316,1,1,1
204690,2,2,40316,1,1,4
204700,2,2,40316,1,1,4
204703,2,2,40316,1,1,4
204707,2,2,40316,1,1,4
204711,2,2,40416,1,1,4
204712,2,2,40416,1,1,3
204713,2,2,40416,1,1,1
204716,2,2,40416,1,1,3
204718,2,2,40416,1,1,2
204720,2,2,40416,1,1,3
204721,2,2,40416,1,1,2
204725,2,2,40416,1,1,2
204726,2,2,40416,1,1,3
204729,2,2,40416,1,1,1
204737,2,2,40416,1,1,2
204740,2,2,40416,1,1,2
204749,2,2,42316,1,1,2
204754,2,2,40816,1,1,3
204757,2,2,40416,1,1,4
204758,2,2,40416,2,2,3
204760,2,2,40416,1,1,4
204761,2,2,50416,1,1,4
204762,2,2,40416,2,2,3
204765,2,2,40416,1,1,3
204769,2,2,40416,1,1,3
204776,2,2,40416,1,1,4
204777,2,2,40416,1,1,4
204778,2,2,40416,2,2,1
204779,2,2,40416,1,1,4
204783,2,2,40416,1,1,4
204787,2,2,40416,1,1,4
204792,2,2,40416,1,1,4
204793,2,2,40416,1,1,4
204796,2,2,40416,1,1,4
204799,2,2,41716,1,1,4
204806,2,2,40516,1,1,4
204810,2,2,40516,1,1,3
204813,2,2,40516,1,1,2
204817,2,2,50416,1,1,3
204818,2,2,40516,1,1,3
204819,2,2,40516,1,1,3
204821,2,2,40516,1,1,3
204825,2,2,40516,1,1,1
204829,2,2,40516,1,1,3
204830,2,2,40516,1,1,3
204832,2,2,40516,2,2,3
204834,2,2,40516,1,1,2
204835,2,2,40516,1,1,1
204837,2,2,40516,1,1,3
204838,2,2,40516,1,1,2
204840,2,2,42616,2,2,2
204841,2,2,40516,1,1,3
204842,2,2,40516,2,2,3
204844,2,2,40516,1,1,2
204847,2,2,40516,1,1,2
204848,2,2,40516,1,1,3
204850,2,2,40516,1,1,3
204855,2,2,40516,1,1,3
204857,2,2,42916,2,2,2
204862,2,2,40516,2,2,3
204865,2,2,40516,1,1,1
204866,2,2,40516,1,1,3
204870,2,2,40516,1,1,1
204872,2,2,40516,1,1,1
204873,2,2,40516,2,2,1
204876,2,2,50416,2,2,4
204877,2,2,40516,1,1,2
204882,2,2,50416,1,1,4
204888,2,2,40516,1,1,3
204889,2,2,40516,1,1,3
204893,2,2,40516,1,1,3
204900,2,2,40516,1,1,3
204902,2,2,40516,1,1,2
204911,2,2,40716,1,1,4
204915,2,2,40516,1,1,4
204916,2,2,40616,1,1,4
204940,2,2,40616,1,1,1
204947,2,2,40616,1,1,1
204957,2,2,41316,1,1,3
204960,2,2,40616,1,1,3
204964,2,2,40616,1,1,2
204965,2,2,40616,1,1,3
204967,2,2,40616,1,1,3
204969,2,2,40616,1,1,3
204971,2,2,40616,1,1,1
204984,2,2,40616,2,2,1
204994,2,2,40616,1,1,1
204998,2,2,40616,1,1,4
205008,2,2,40616,1,1,3
205012,2,2,40716,1,1,1
205016,2,2,50416,1,1,3
205019,2,2,40916,2,2,1
205027,2,2,40716,1,1,3
205030,2,2,40716,1,1,1
205038,2,2,40716,1,1,1
205039,2,2,40716,1,1,2
205045,2,2,40716,1,1,1
205048,2,2,40716,1,1,3
205050,2,2,41316,2,2,3
205063,2,2,40716,1,1,3
205066,2,2,50516,1,1,4
205068,2,2,40716,1,1,3
205071,2,2,40716,1,1,1
205076,2,2,40716,1,1,3
205078,2,2,40716,1,1,1
205086,2,2,40716,2,2,4
205090,2,2,40716,1,1,3
205091,2,2,40716,2,2,4
205095,2,2,40716,1,1,3
205098,2,2,40716,1,1,3
205101,2,2,40716,1,1,4
205111,2,2,40716,1,1,4
205117,2,2,40716,1,1,3
205120,2,2,40716,1,1,2
205121,2,2,40716,1,1,2
205124,2,2,40716,1,1,3
205127,2,2,40716,1,1,2
205129,2,2,40716,1,1,3
205135,2,2,42116,1,1,2
205136,2,2,40716,1,1,4
205138,2,2,40716,1,1,4
205142,2,2,40716,1,1,4
205143,2,2,40716,1,1,4
205145,2,2,40716,1,1,4
205147,2,2,40816,1,1,4
205149,2,2,40716,1,1,4
205153,2,2,40716,1,1,4
205158,2,2,40716,1,1,4
205162,2,2,41716,2,2,4
205164,2,2,40716,1,1,4
205169,2,2,40716,1,1,4
205172,2,2,41216,1,1,2
205176,2,2,40816,1,1,3
205183,2,2,40816,1,1,3
205186,2,2,41116,1,1,2
205190,2,2,40816,1,1,2
205191,2,2,40816,1,1,3
205194,2,2,40816,1,1,3
205195,2,2,40816,1,1,3
205196,2,2,40816,1,1,3
205204,2,2,40816,1,1,1
205207,2,2,40816,1,1,1
205221,2,2,40816,1,1,3
205224,2,2,40816,1,1,3
205227,2,2,40816,1,1,1
205232,2,2,40816,1,1,3
205236,2,2,40816,1,1,3
205237,2,2,40816,1,1,2
205242,2,2,40816,1,1,3
205258,2,2,40816,1,1,3
205263,2,2,40816,1,1,4
205265,2,2,40816,1,1,2
205268,2,2,40816,1,1,4
205269,2,2,40816,1,1,4
205270,2,2,40816,1,1,3
205273,2,2,40816,1,1,2
205275,2,2,40816,1,1,4
205292,2,2,40816,1,1,4
205298,2,2,40816,1,1,4
205301,2,2,40816,1,1,4
205308,2,2,50416,1,1,3
205322,2,2,40916,1,1,3
205325,2,2,41016,1,1,3
205327,2,2,40916,1,1,3
205339,2,2,40916,1,1,3
205341,2,2,40916,1,1,3
205344,2,2,40916,1,1,3
205347,2,2,40916,1,1,3
205356,2,2,40916,1,1,3
205361,2,2,42116,1,1,4
205363,2,2,40916,1,1,4
205366,2,2,50516,2,2,4
205373,2,2,40916,1,1,4
205375,2,2,40916,1,1,1
205385,2,2,41216,1,1,4
205390,2,2,40916,1,1,3
205394,2,2,40916,1,1,3
205396,2,2,40916,1,1,2
205400,2,2,40916,1,1,1
205406,2,2,41216,1,1,3
205407,2,2,40916,1,1,1
205409,2,2,42216,1,1,3
205413,2,2,40916,1,1,4
205417,2,2,40916,1,1,4
205422,2,2,40916,1,1,4
205430,2,2,40916,1,1,3
205431,2,2,41016,1,1,3
205439,2,2,40916,1,1,1
205442,2,2,40916,1,1,4
205445,2,2,40916,1,1,4
205449,2,2,40916,1,1,4
205456,2,2,40916,1,1,4
205464,2,2,40916,1,1,4
205465,2,2,40916,1,1,4
205470,2,2,41016,1,1,2
205473,2,2,41016,1,1,4
205480,2,2,41016,1,1,1
205482,2,2,41016,1,1,1
205490,2,2,41016,1,1,1
205492,2,2,41016,1,1,4
205493,2,2,41016,1,1,2
205497,2,2,41016,1,1,1
205500,2,2,41016,1,1,2
205503,2,2,41016,1,1,4
205504,2,2,41016,1,1,3
205505,2,2,41016,1,1,3
205521,2,2,41016,1,1,3
205523,2,2,41016,1,1,3
205524,2,2,41016,1,1,2
205525,2,2,41016,1,1,3
205534,2,2,41016,1,1,4
205535,2,2,41016,1,1,2
205539,2,2,41016,1,1,4
205540,2,2,41016,1,1,4
205547,2,2,42916,2,2,4
205552,2,2,41016,1,1,4
205553,2,2,41016,1,1,3
205556,2,2,41016,1,1,2
205559,2,2,41016,1,1,4
205569,2,2,41016,1,1,4
205576,2,2,41016,1,1,3
205584,2,2,41016,1,1,4
205585,2,2,41016,1,1,4
205587,2,2,41016,1,1,4
205591,2,2,42816,1,1,3
205592,2,2,42316,1,1,1
205596,2,2,41116,1,1,2
205597,2,2,41116,1,1,3
205600,2,2,42016,1,1,1
205602,2,2,41116,1,1,3
205603,2,2,50416,2,2,3
205604,2,2,41116,1,1,3
205606,2,2,41116,1,1,3
205610,2,2,41116,1,1,3
205615,2,2,41116,1,1,3
205622,2,2,42216,1,1,1
205631,2,2,41116,1,1,3
205639,2,2,41116,1,1,3
205640,2,2,41116,1,1,2
205649,2,2,41116,1,1,3
205650,2,2,41616,2,2,2
205653,2,2,41116,1,1,3
205659,2,2,41116,1,1,3
205660,2,2,41616,2,2,3
205672,2,2,41116,1,1,4
205675,2,2,41116,1,1,2
205696,2,2,41116,1,1,4
205699,2,2,41116,1,1,4
205702,2,2,41116,1,1,4
205704,2,2,41116,1,1,4
205718,2,2,41116,1,1,4
205720,2,2,41116,1,1,4
205723,2,2,41116,1,1,4
205733,2,2,50416,1,1,2
205737,2,2,41216,1,1,2
205738,2,2,41216,1,1,3
205745,2,2,41216,1,1,1
205748,2,2,41216,1,1,3
205751,2,2,41316,1,1,1
205754,2,2,41216,1,1,1
205756,2,2,41216,1,1,3
205760,2,2,41216,1,1,2
205761,2,2,42016,1,1,1
205766,2,2,41216,2,2,1
205771,2,2,41216,1,1,1
205779,2,2,41616,2,2,3
205781,2,2,41216,2,2,2
205787,2,2,41216,1,1,4
205788,2,2,42016,1,1,3
205791,2,2,41216,1,1,2
205792,2,2,41216,1,1,3
205793,2,2,41216,1,1,3
205794,2,2,41216,1,1,3
205796,2,2,41216,1,1,3
205804,2,2,42316,1,1,4
205808,2,2,50816,2,2,3
205809,2,2,41216,1,1,2
205813,2,2,41216,1,1,2
205815,2,2,41216,1,1,3
205816,2,2,41216,1,1,4
205819,2,2,41216,1,1,4
205833,2,2,41216,1,1,4
205836,2,2,41216,1,1,3
205840,2,2,41216,1,1,2
205848,2,2,41216,1,1,4
205861,2,2,41316,1,1,1
205862,2,2,41316,1,1,1
205870,2,2,41316,1,1,1
205871,2,2,50616,1,1,1
205876,2,2,41316,1,1,3
205883,2,2,41316,1,1,3
205886,2,2,41316,1,1,3
205891,2,2,50516,1,1,1
205895,2,2,41316,1,1,2
205900,2,2,41316,1,1,2
205907,2,2,41316,1,1,3
205911,2,2,41416,1,1,1
205925,2,2,41416,1,1,1
205930,2,2,41416,1,1,2
205937,2,2,41416,1,1,3
205939,2,2,41416,1,1,3
205941,2,2,41416,1,1,2
205942,2,2,50416,1,1,2
205949,2,2,41416,1,1,3
205960,2,2,50716,2,2,1
205961,2,2,41416,1,1,1
205962,2,2,41616,2,2,3
205963,2,2,41416,1,1,2
205967,2,2,41416,1,1,3
205971,2,2,41416,1,1,3
205978,2,2,41416,1,1,4
205980,2,2,41416,1,1,3
205981,2,2,41416,1,1,2
205991,2,2,41416,1,1,4
205993,2,2,41416,1,1,4
205998,2,2,41416,1,1,3
206013,2,2,41416,1,1,4
206017,2,2,41516,1,1,3
206021,2,2,41516,1,1,1
206026,2,2,41516,1,1,1
206027,2,2,41516,1,1,3
206029,2,2,41616,1,1,3
206032,2,2,42316,1,1,1
206033,2,2,41516,1,1,1
206035,2,2,41516,1,1,3
206041,2,2,41516,1,1,3
206042,2,2,41516,1,1,3
206046,2,2,41516,1,1,1
206047,2,2,41616,2,2,3
206049,2,2,41616,1,1,3
206052,2,2,42016,1,1,2
206053,2,2,41516,1,1,3
206057,2,2,41516,1,1,3
206058,2,2,41516,1,1,1
206059,2,2,41516,1,1,3
206062,2,2,41516,1,1,4
206063,2,2,41516,1,1,4
206064,2,2,41516,1,1,3
206065,2,2,41516,1,1,3
206066,2,2,41516,1,1,2
206067,2,2,41516,1,1,4
206069,2,2,41516,1,1,2
206070,2,2,41516,1,1,3
206079,2,2,41516,1,1,4
206086,2,2,41516,1,1,4
206091,2,2,41516,1,1,3
206097,2,2,41516,1,1,1
206102,2,2,41516,1,1,4
206110,2,2,41616,2,2,1
206111,2,2,41616,2,2,4
206113,2,2,41616,1,1,4
206116,2,2,41616,1,1,3
206122,2,2,41616,2,2,3
206123,2,2,41616,1,1,4
206124,2,2,41616,1,1,3
206125,2,2,41616,1,1,3
206126,2,2,41616,2,2,3
206131,2,2,41616,1,1,4
206132,2,2,41616,2,2,4
206138,2,2,41616,2,2,4
206140,2,2,42516,2,2,4
206141,2,2,41616,1,1,4
206142,2,2,41616,1,1,4
206143,2,2,41616,1,1,2
206146,2,2,41616,1,1,3
206147,2,2,41616,1,1,4
206153,2,2,41616,1,1,2
206157,2,2,41616,1,1,3
206158,2,2,41616,1,1,2
206164,2,2,41616,1,1,4
206167,2,2,41616,1,1,3
206172,2,2,41616,1,1,3
206176,2,2,41616,1,1,2
206177,2,2,41616,1,1,2
206182,2,2,41616,1,1,3
206184,2,2,41616,1,1,3
206189,2,2,50416,1,1,3
206192,2,2,41616,1,1,4
206193,2,2,41616,1,1,3
206195,2,2,41616,1,1,2
206196,2,2,41616,1,1,4
206200,2,2,41616,1,1,3
206201,2,2,41616,1,1,3
206202,2,2,41616,1,1,2
206211,2,2,41716,1,1,3
206213,2,2,41716,1,1,4
206214,2,2,41716,1,1,2
206216,2,2,41716,1,1,3
206217,2,2,41716,1,1,3
206220,2,2,42216,1,1,4
206221,2,2,41716,1,1,4
206222,2,2,41716,1,1,2
206226,2,2,41716,1,1,3
206235,2,2,41716,1,1,4
206244,2,2,41716,1,1,1
206251,2,2,41716,1,1,2
206259,2,2,42616,1,1,1
206260,2,2,41716,1,1,3
206261,2,2,41716,1,1,4
206263,2,2,41716,1,1,3
206265,2,2,41716,1,1,2
206266,2,2,41716,1,1,4
206267,2,2,42216,1,1,3
206269,2,2,41716,1,1,4
206271,2,2,42616,1,1,1
206272,2,2,41716,1,1,1
206278,2,2,42116,1,1,3
206287,2,2,41716,1,1,1
206288,2,2,41716,1,1,3
206290,2,2,41716,1,1,4
206296,2,2,41716,1,1,3
206297,2,2,41716,1,1,1
206298,2,2,41716,1,1,3
206306,2,2,41716,1,1,4
206307,2,2,41716,1,1,3
206308,2,2,41716,1,1,3
206310,2,2,41716,1,1,4
206315,2,2,41816,1,1,1
206321,2,2,41816,1,1,1
206323,2,2,41816,1,1,1
206327,2,2,41816,1,1,1
206329,2,2,41816,1,1,3
206330,2,2,41816,1,1,3
206331,2,2,41816,1,1,3
206332,2,2,41816,1,1,3
206335,2,2,41816,1,1,3
206345,2,2,42116,1,1,3
206346,2,2,41816,1,1,3
206347,2,2,41916,2,2,3
206353,2,2,41916,1,1,4
206360,2,2,41916,1,1,4
206362,2,2,41916,1,1,4
206365,2,2,41916,1,1,4
206366,2,2,41916,1,1,4
206375,2,2,42016,1,1,4
206386,2,2,42016,1,1,3
206388,2,2,42016,1,1,1
206391,2,2,42016,1,1,1
206397,2,2,42016,1,1,3
206402,2,2,42016,1,1,3
206408,2,2,42016,1,1,2
206410,2,2,42016,1,1,3
206413,2,2,42016,1,1,3
206420,2,2,42016,1,1,3
206430,2,2,42016,1,1,3
206453,2,2,42016,1,1,4
206454,2,2,42016,1,1,3
206455,2,2,42016,1,1,4
206468,2,2,42116,1,1,1
206470,2,2,42116,1,1,3
206471,2,2,42116,1,1,1
206474,2,2,42116,1,1,3
206477,2,2,42116,1,1,2
206478,2,2,42116,1,1,2
206479,2,2,42116,1,1,3
206493,2,2,42116,1,1,2
206506,2,2,42116,1,1,3
206510,2,2,42116,1,1,1
206512,2,2,42116,1,1,2
206513,2,2,42116,1,1,3
206520,2,2,42116,1,1,3
206524,2,2,42216,1,1,3
206526,2,2,42116,1,1,3
206534,2,2,42116,1,1,1
206537,2,2,42116,1,1,2
206542,2,2,42116,1,1,1
206543,2,2,42216,1,1,1
206547,2,2,42116,1,1,3
206557,2,2,42116,1,1,2
206558,2,2,42516,2,2,3
206559,2,2,42216,1,1,1
206566,2,2,42116,1,1,4
206571,2,2,42116,1,1,4
206578,2,2,42116,1,1,3
206586,2,2,42116,1,1,4
206588,2,2,42116,1,1,4
206595,2,2,50416,1,1,4
206596,2,2,42216,1,1,4
206599,2,2,42116,1,1,3
206605,2,2,42116,1,1,4
206608,2,2,42116,1,1,3
206611,2,2,42116,1,1,3
206613,2,2,42116,1,1,3
206624,2,2,42116,1,1,2
206625,2,2,42116,1,1,4
206628,2,2,42116,1,1,4
206631,2,2,42116,1,1,4
206633,2,2,42116,1,1,2
206635,2,2,42116,1,1,2
206636,2,2,42116,1,1,3
206638,2,2,42216,1,1,3
206642,2,2,42216,2,2,4
206644,2,2,42116,1,1,2
206647,2,2,42116,1,1,3
206653,2,2,42116,1,1,3
206654,2,2,42116,1,1,4
206655,2,2,42116,1,1,4
206666,2,2,42116,1,1,3
206696,2,2,42216,1,1,3
206702,2,2,42216,1,1,3
206706,2,2,42216,1,1,3
206709,2,2,42216,1,1,2
206711,2,2,42616,1,1,3
206713,2,2,42216,1,1,3
206714,2,2,42216,1,1,2
206715,2,2,42216,1,1,2
206716,2,2,42216,1,1,2
206719,2,2,42216,1,1,3
206721,2,2,42216,1,1,3
206722,2,2,42216,1,1,3
206724,2,2,42216,1,1,3
206727,2,2,42216,1,1,3
206729,2,2,50816,2,2,3
206731,2,2,42216,1,1,3
206737,2,2,42216,1,1,2
206748,2,2,42216,2,2,3
206750,2,2,42216,2,2,3
206753,2,2,42216,1,1,3
206754,2,2,42216,1,1,3
206758,2,2,42216,1,1,3
206759,2,2,42216,1,1,2
206769,2,2,42216,1,1,4
206773,2,2,42216,1,1,4
206778,2,2,42216,1,1,1
206787,2,2,42216,2,2,4
206789,2,2,42216,1,1,3
206798,2,2,42216,1,1,3
206799,2,2,42216,2,2,4
206801,2,2,42216,1,1,4
206805,2,2,42216,1,1,3
206817,2,2,42216,1,1,3
206820,2,2,42216,1,1,2
206821,2,2,42216,1,1,3
206824,2,2,42216,1,1,2
206825,2,2,42216,1,1,2
206831,2,2,42216,1,1,4
206838,2,2,42216,1,1,4
206839,2,2,42216,1,1,3
206841,2,2,42716,1,1,4
206844,2,2,42216,1,1,3
206849,2,2,42216,1,1,4
206850,2,2,42216,1,1,4
206858,2,2,42316,1,1,1
206868,2,2,42316,1,1,3
206874,2,2,42316,2,2,1
206876,2,2,42316,2,2,1
206877,2,2,42316,1,1,4
206881,2,2,42316,1,1,3
206882,2,2,42316,1,1,4
206887,2,2,42316,1,1,3
206888,2,2,42316,1,1,2
206893,2,2,42816,1,1,1
206903,2,2,42316,1,1,1
206905,2,2,42316,1,1,3
206907,2,2,42316,1,1,1
206908,2,2,42316,1,1,4
206911,2,2,42816,1,1,3
206915,2,2,42316,1,1,3
206923,2,2,42316,1,1,4
206930,2,2,42316,1,1,4
206936,2,2,42316,1,1,4
206942,2,2,42316,1,1,2
206949,2,2,50316,1,1,3
206950,2,2,42516,1,1,3
206953,2,2,42316,1,1,1
206958,2,2,42616,1,1,1
206961,2,2,42316,1,1,3
206963,2,2,42316,1,1,3
206969,2,2,42316,1,1,3
206970,2,2,42316,1,1,4
206975,2,2,42316,1,1,1
206976,2,2,42316,1,1,3
206990,2,2,42316,1,1,4
206992,2,2,42316,1,1,4
206996,2,2,42316,1,1,3
207000,2,2,43016,2,2,3
207002,2,2,42316,1,1,3
207008,2,2,42416,1,1,3
207012,2,2,42316,1,1,3
207014,2,2,42316,1,1,2
207016,2,2,42316,1,1,3
207025,2,2,42316,2,2,3
207033,2,2,42316,1,1,1
207034,2,2,42816,1,1,1
207041,2,2,42316,1,1,4
207042,2,2,42316,1,1,4
207052,2,2,42316,1,1,4
207059,2,2,42816,1,1,2
207060,2,2,42316,1,1,1
207064,2,2,42316,1,1,3
207065,2,2,42316,1,1,4
207067,2,2,42316,1,1,3
207071,2,2,50816,2,2,2
207073,2,2,42316,1,1,2
207078,2,2,42316,1,1,2
207079,2,2,42516,1,1,3
207080,2,2,42616,1,1,3
207081,2,2,42316,1,1,3
207082,2,2,42316,1,1,2
207098,2,2,42416,1,1,3
207103,2,2,42916,1,1,3
207108,2,2,42916,2,2,1
207112,2,2,42416,1,1,3
207113,2,2,42416,1,1,3
207126,2,2,42416,1,1,2
207129,2,2,42416,1,1,3
207134,2,2,42416,1,1,2
207135,2,2,42416,1,1,1
207137,2,2,42416,1,1,3
207140,2,2,42416,1,1,3
207147,2,2,42416,1,1,3
207149,2,2,42816,1,1,3
207156,2,2,42416,1,1,3
207159,2,2,42416,1,1,3
207166,2,2,42416,1,1,3
207167,2,2,42416,1,1,3
207168,2,2,42916,1,1,3
207170,2,2,42416,1,1,1
207174,2,2,42416,1,1,1
207175,2,2,42416,1,1,2
207179,2,2,42416,1,1,3
207184,2,2,42716,1,1,1
207185,2,2,50416,1,1,1
207194,2,2,42416,1,1,3
207198,2,2,42816,1,1,3
207199,2,2,42416,1,1,1
207201,2,2,42416,1,1,1
207216,2,2,42416,1,1,3
207221,2,2,42716,2,2,3
207223,2,2,50216,1,1,3
207227,2,2,50316,1,1,4
207244,2,2,42416,1,1,3
207245,2,2,42416,1,1,4
207249,2,2,42416,1,1,4
207250,2,2,42416,1,1,4
207258,2,2,42416,1,1,4
207260,2,2,42416,1,1,4
207266,2,2,42516,1,1,2
207267,2,2,42916,2,2,3
207275,2,2,42516,1,1,3
207278,2,2,43016,1,1,1
207280,2,2,42516,1,1,1
207286,2,2,42516,2,2,1
207294,2,2,50416,1,1,1
207296,2,2,50316,1,1,1
207306,2,2,42816,1,1,1
207309,2,2,42516,1,1,3
207313,2,2,42916,2,2,3
207320,2,2,50216,1,1,3
207326,2,2,42516,1,1,2
207332,2,2,42516,1,1,2
207355,2,2,42516,1,1,4
207357,2,2,42916,1,1,4
207359,2,2,42516,1,1,2
207360,2,2,42716,2,2,4
207361,2,2,42516,2,2,3
207365,2,2,42516,1,1,4
207367,2,2,42516,1,1,3
207372,2,2,42516,1,1,4
207376,2,2,42616,1,1,1
207377,2,2,42616,1,1,1
207392,2,2,42616,1,1,1
207398,2,2,42616,1,1,1
207408,2,2,42616,2,2,1
207414,2,2,50416,1,1,1
207415,2,2,42616,1,1,1
207425,2,2,42616,1,1,3
207437,2,2,42616,1,1,3
207446,2,2,50316,1,1,3
207448,2,2,42616,1,1,2
207450,2,2,42616,1,1,1
207453,2,2,42616,1,1,3
207462,2,2,42616,1,1,3
207470,2,2,42616,1,1,3
207474,2,2,42616,1,1,3
207478,2,2,42616,1,1,3
207484,2,2,42616,1,1,1
207485,2,2,50316,1,1,3
207489,2,2,42616,1,1,3
207496,2,2,42616,1,1,3
207512,2,2,42616,1,1,3
207515,2,2,42616,1,1,2
207521,2,2,42616,1,1,3
207523,2,2,42616,2,2,3
207526,2,2,42716,1,1,3
207528,2,2,50816,1,1,1
207529,2,2,42716,2,2,1
207532,2,2,42716,1,1,2
207534,2,2,42716,1,1,3
207536,2,2,42716,2,2,3
207542,2,2,42716,1,1,1
207550,2,2,42716,1,1,3
207551,2,2,42816,1,1,3
207560,2,2,50416,1,1,1
207562,2,2,42716,1,1,1
207566,2,2,42716,1,1,2
207570,2,2,42716,1,1,3
207571,2,2,42716,1,1,3
207573,2,2,42716,1,1,3
207576,2,2,42716,1,1,2
207590,2,2,50416,1,1,3
207599,2,2,42816,1,1,3
207601,2,2,42716,2,2,1
207602,2,2,42716,1,1,1
207603,2,2,42716,1,1,1
207607,2,2,42716,2,2,1
207608,2,2,42716,1,1,3
207610,2,2,42716,1,1,3
207614,2,2,42716,1,1,2
207615,2,2,42716,2,2,3
207628,2,2,42716,1,1,3
207631,2,2,42716,1,1,3
207632,2,2,42716,1,1,3
207648,2,2,42716,1,1,2
207650,2,2,42716,1,1,3
207655,2,2,42716,1,1,2
207656,2,2,42716,1,1,3
207661,2,2,42716,2,2,4
207662,2,2,42716,1,1,4
207665,2,2,42716,1,1,4
207670,2,2,42716,1,1,3
207672,2,2,42816,2,2,3
207675,2,2,42716,1,1,4
207678,2,2,50316,2,2,3
207680,2,2,42716,1,1,3
207683,2,2,50516,2,2,4
207686,2,2,42716,1,1,3
207689,2,2,42716,1,1,1
207692,2,2,42716,1,1,4
207693,2,2,50416,2,2,4
207698,2,2,42716,1,1,4
207702,2,2,42716,1,1,4
207703,2,2,42716,1,1,4
207704,2,2,50316,1,1,3
207719,2,2,42716,1,1,4
207720,2,2,42716,1,1,4
207728,2,2,42716,1,1,4
207734,2,2,42716,1,1,4
207735,2,2,42716,1,1,3
207748,2,2,42716,1,1,4
207751,2,2,50316,1,1,1
207755,2,2,50416,1,1,3
207756,2,2,42816,1,1,3
207759,2,2,42916,1,1,1
207762,2,2,42816,1,1,3
207763,2,2,42816,1,1,3
207771,2,2,42816,1,1,3
207783,2,2,50616,2,2,1
207784,2,2,42816,1,1,3
207785,2,2,42816,1,1,3
207788,2,2,50416,1,1,3
207789,2,2,42816,1,1,3
207796,2,2,42816,1,1,3
207804,2,2,42816,1,1,3
207805,2,2,42816,1,1,3
207810,2,2,42816,1,1,3
207814,2,2,42816,1,1,3
207816,2,2,42816,1,1,1
207817,2,2,42816,1,1,1
207820,2,2,42816,1,1,1
207824,2,2,42816,1,1,1
207829,2,2,42816,1,1,3
207833,2,2,42816,1,1,3
207834,2,2,42816,1,1,1
207840,2,2,42816,1,1,3
207842,2,2,42816,2,2,1
207849,2,2,42816,1,1,1
207851,2,2,42816,1,1,2
207859,2,2,50516,2,2,3
207860,2,2,42816,1,1,3
207862,2,2,42816,1,1,1
207866,2,2,42816,1,1,3
207870,2,2,42816,1,1,1
207872,2,2,42816,1,1,3
207873,2,2,42816,1,1,1
207878,2,2,42816,1,1,3
207886,2,2,50416,2,2,3
207893,2,2,42816,1,1,3
207899,2,2,42816,1,1,4
207904,2,2,42816,1,1,4
207905,2,2,50416,1,1,4
207908,2,2,42816,1,1,4
207911,2,2,42816,1,1,4
207913,2,2,42816,1,1,4
207916,2,2,42816,1,1,4
207917,2,2,42816,1,1,4
207920,2,2,50416,1,1,4
207931,2,2,50416,2,2,1
207933,2,2,42916,1,1,1
207934,2,2,43016,1,1,2
207936,2,2,42916,1,1,3
207937,2,2,43016,1,1,3
207946,2,2,42916,1,1,3
207949,2,2,42916,1,1,1
207953,2,2,42916,1,1,3
207954,2,2,42916,1,1,3
207955,2,2,42916,1,1,2
207957,2,2,42916,1,1,2
207958,2,2,42916,1,1,2
207959,2,2,50416,1,1,3
207962,2,2,42916,1,1,3
207968,2,2,42916,1,1,2
207969,2,2,42916,2,2,2
207973,2,2,42916,2,2,2
207974,2,2,42916,1,1,3
207983,2,2,42916,1,1,3
207987,2,2,42916,1,1,3
207992,2,2,42916,1,1,2
207993,2,2,42916,1,1,2
208002,2,2,42916,1,1,4
208004,2,2,42916,1,1,4
208006,2,2,50416,1,1,4
208007,2,2,42916,2,2,4
208011,2,2,42916,1,1,4
208013,2,2,42916,1,1,4
208018,2,2,42916,1,1,4
208026,2,2,42916,2,2,3
208027,2,2,42916,1,1,4
208031,2,2,42916,1,1,4
208033,2,2,42916,1,1,4
208034,2,2,42916,1,1,1
208037,2,2,42916,1,1,4
208046,2,2,42916,1,1,3
208052,2,2,42916,1,1,4
208054,2,2,50316,1,1,4
208059,2,2,42916,2,2,4
208068,2,2,50416,1,1,4
208078,2,2,42916,1,1,4
208079,2,2,42916,1,1,3
208080,2,2,42916,1,1,4
208087,2,2,42916,1,1,4
208090,2,2,43016,1,1,4
208092,2,2,43016,1,1,3
208094,2,2,43016,1,1,4
208104,2,2,43016,1,1,2
208105,2,2,50216,1,1,3
208106,2,2,43016,1,1,4
208113,2,2,50416,2,2,4
208116,2,2,43016,1,1,4
208118,2,2,50216,2,2,3
208120,2,2,50116,1,1,2
208121,2,2,43016,1,1,4
208124,2,2,43016,1,1,1
208126,2,2,43016,1,1,1
208129,2,2,43016,1,1,3
208131,2,2,50116,1,1,1
208136,2,2,43016,1,1,4
208143,2,2,43016,1,1,3
208146,2,2,43016,1,1,1
208147,2,2,43016,1,1,3
208150,2,2,43016,1,1,3
208155,2,2,43016,1,1,4
208157,2,2,43016,1,1,3
208162,2,2,43016,1,1,2
208167,2,2,43016,1,1,3
208168,2,2,43016,1,1,2
208170,2,2,43016,1,1,4
208171,2,2,50416,2,2,3
208176,2,2,43016,1,1,2
208180,2,2,43016,1,1,2
208186,2,2,50216,1,1,4
208189,2,2,43016,1,1,4
208191,2,2,43016,1,1,1
208193,2,2,50316,1,1,3
208194,2,2,43016,1,1,4
208200,2,2,50416,2,2,4
208206,2,2,50416,2,2,4
208207,2,2,43016,1,1,3
208213,2,2,43016,1,1,2
208223,2,2,50216,1,1,2
208227,2,2,43016,1,1,3
208238,2,2,43016,1,1,1
208240,2,2,43016,1,1,3
208242,2,2,43016,1,1,3
208247,2,2,43016,1,1,2
208252,2,2,43016,1,1,4
208258,2,2,43016,1,1,4
208260,2,2,43016,1,1,1
208267,2,2,43016,1,1,2
208273,2,2,43016,1,1,3
208288,2,2,50216,2,2,2
208289,2,2,50316,1,1,3
208295,2,2,43016,1,1,3
208296,2,2,43016,1,1,3
208298,2,2,43016,1,1,2
208306,2,2,43016,1,1,4
208312,2,2,50116,1,1,2
208313,2,2,50416,2,2,3
208323,2,2,50116,2,2,3
208326,2,2,50116,2,2,3
208327,2,2,50116,2,2,4
208328,2,2,50116,1,1,3
208337,2,2,50416,1,1,2
208347,2,2,50116,1,1,2
208354,2,2,50116,1,1,4
208364,2,2,50116,1,1,2
208365,2,2,50116,1,1,4
208366,2,2,50516,1,1,3
208368,2,2,50116,1,1,3
208370,2,2,50116,1,1,3
208381,2,2,50116,1,1,4
208384,2,2,50316,2,2,4
208388,2,2,50116,1,1,2
208389,2,2,50216,1,1,2
208390,2,2,50116,1,1,3
208396,2,2,50116,1,1,4
208398,2,2,50116,1,1,2
208401,2,2,50116,1,1,1
208403,2,2,50116,1,1,3
208405,2,2,50116,1,1,3
208408,2,2,50116,1,1,3
208410,2,2,50116,1,1,1
208416,2,2,50116,1,1,1
208418,2,2,50116,1,1,3
208420,2,2,50416,1,1,3
208422,2,2,50116,1,1,2
208426,2,2,50116,1,1,3
208437,2,2,50116,1,1,3
208439,2,2,50116,1,1,3
208442,2,2,50116,1,1,1
208443,2,2,50216,1,1,2
208445,2,2,50116,1,1,2
208451,2,2,50316,1,1,3
208452,2,2,50116,1,1,3
208459,2,2,50316,2,2,3
208463,2,2,50116,1,1,4
208464,2,2,50116,1,1,4
208469,2,2,50116,1,1,4
208474,2,2,50116,1,1,2
208476,2,2,50116,1,1,3
208480,2,2,50116,1,1,2
208482,2,2,50616,2,2,1
208483,2,2,50116,1,1,2
208484,2,2,50116,1,1,3
208487,2,2,50216,1,1,2
208490,2,2,50116,1,1,1
208510,2,2,50116,1,1,4
208512,2,2,50116,1,1,4
208514,2,2,50416,1,1,3
208517,2,2,50516,1,1,4
208519,2,2,50316,1,1,3
208522,2,2,50216,1,1,2
208525,2,2,50316,1,1,3
208527,2,2,50216,1,1,2
208532,2,2,50216,1,1,2
208538,2,2,50416,2,2,3
208540,2,2,50216,1,1,3
208541,2,2,50216,1,1,1
208544,2,2,50216,1,1,3
208550,2,2,50216,1,1,3
208561,2,2,50216,1,1,1
208563,2,2,50316,2,2,3
208566,2,2,50516,1,1,3
208568,2,2,50216,1,1,3
208569,2,2,50216,1,1,3
208574,2,2,50416,1,1,1
208577,2,2,50416,1,1,1
208578,2,2,50216,1,1,3
208581,2,2,50216,1,1,3
208582,2,2,50216,1,1,1
208584,2,2,50216,1,1,3
208590,2,2,50216,1,1,1
208593,2,2,50816,1,1,2
208599,2,2,50316,1,1,2
208601,2,2,50616,2,2,3
208610,2,2,50216,1,1,2
208611,2,2,50316,1,1,2
208612,2,2,50216,1,1,3
208613,2,2,50516,1,1,3
208614,2,2,50216,1,1,1
208619,2,2,50216,1,1,2
208621,2,2,50216,1,1,3
208622,2,2,50216,1,1,2
208624,2,2,50216,1,1,2
208627,2,2,50216,1,1,1
208630,2,2,50216,1,1,2
208634,2,2,50216,1,1,3
208644,2,2,50216,1,1,3
208655,2,2,50216,1,1,3
208656,2,2,50216,1,1,3
208659,2,2,50516,1,1,3
208663,2,2,50216,1,1,3
208664,2,2,50216,2,2,1
208665,2,2,50216,1,1,1
208677,2,2,50216,1,1,3
208678,2,2,50216,1,1,2
208679,2,2,50216,1,1,2
208683,2,2,50516,2,2,3
208687,2,2,50216,2,2,4
208688,2,2,50216,1,1,3
208693,2,2,50216,1,1,2
208695,2,2,50216,1,1,3
208698,2,2,50216,1,1,3
208700,2,2,50216,1,1,3
208702,2,2,50216,1,1,2
208718,2,2,50316,1,1,1
208722,2,2,50316,1,1,3
208725,2,2,50316,1,1,3
208727,2,2,50316,1,1,2
208731,2,2,50516,1,1,1
208743,2,2,50316,1,1,2
208745,2,2,50416,2,2,3
208746,2,2,50516,1,1,1
208750,2,2,50316,1,1,1
208766,2,2,50416,1,1,1
208772,2,2,50316,1,1,3
208775,2,2,50316,1,1,3
208777,2,2,50316,1,1,3
208779,2,2,50316,1,1,3
208800,2,2,50316,1,1,3
208801,2,2,50316,1,1,1
208804,2,2,50316,1,1,2
208806,2,2,50316,1,1,3
208812,2,2,50716,2,2,2
208822,2,2,50816,1,1,3
208830,2,2,50516,1,1,3
208834,2,2,50316,1,1,3
208840,2,2,50316,1,1,3
208865,2,2,50316,1,1,3
208875,2,2,50316,1,1,4
208879,2,2,50316,1,1,3
208880,2,2,50316,1,1,3
208883,2,2,50316,1,1,4
208887,2,2,50416,2,2,4
208889,2,2,50316,1,1,4
208890,2,2,50316,1,1,3
208893,2,2,50516,1,1,3
208905,2,2,50816,2,2,4
208906,2,2,50316,1,1,4
208913,2,2,50316,1,1,4
208926,2,2,50416,1,1,1
208927,2,2,50316,1,1,2
208937,2,2,50316,1,1,3
208939,2,2,50316,1,1,1
208945,2,2,50316,1,1,4
208947,2,2,50416,1,1,3
208950,2,2,50316,1,1,3
208952,2,2,50316,1,1,1
208955,2,2,50316,1,1,4
208957,2,2,50316,1,1,3
208973,2,2,50316,1,1,2
208974,2,2,50316,1,1,3
208978,2,2,50716,1,1,3
208980,2,2,50316,1,1,2
208981,2,2,50316,1,1,2
208985,2,2,50316,1,1,2
209001,2,2,50316,1,1,3
209002,2,2,50316,1,1,3
209006,2,2,50316,1,1,2
209007,2,2,50316,1,1,3
209011,2,2,50316,1,1,2
209012,2,2,50316,1,1,3
209014,2,2,50816,1,1,4
209016,2,2,50316,1,1,3
209018,2,2,50316,1,1,4
209019,2,2,50316,1,1,4
209034,2,2,50316,1,1,4
209046,2,2,50316,1,1,4
209048,2,2,50416,1,1,1
209050,2,2,50516,1,1,1
209065,2,2,50416,1,1,3
209075,2,2,50416,1,1,1
209078,2,2,50416,1,1,1
209082,2,2,50416,1,1,3
209102,2,2,50416,1,1,3
209105,2,2,50416,1,1,4
209116,2,2,50416,1,1,2
209123,2,2,50416,1,1,1
209125,2,2,50416,1,1,1
209141,2,2,50716,2,2,4
209146,2,2,50416,1,1,4
209152,2,2,50716,1,1,1
209158,2,2,50416,1,1,1
209162,2,2,50416,1,1,4
209168,2,2,50416,1,1,3
209169,2,2,50416,1,1,2
209175,2,2,50416,1,1,3
209180,2,2,50416,1,1,2
209182,2,2,50416,1,1,3
209191,2,2,50616,1,1,2
209193,2,2,50416,1,1,3
209197,2,2,50416,1,1,4
209199,2,2,50416,1,1,4
209204,2,2,50416,1,1,3
209213,2,2,50416,1,1,3
209216,2,2,50416,1,1,4
209223,2,2,50416,1,1,4
209252,2,2,50416,2,2,3
209253,2,2,50416,1,1,3
209260,2,2,50416,1,1,2
209265,2,2,50716,2,2,4
209271,2,2,50516,1,1,1
209272,2,2,50416,1,1,3
209278,2,2,50416,1,1,1
209282,2,2,50416,1,1,3
209289,2,2,50616,1,1,2
209297,2,2,50416,1,1,3
209298,2,2,50416,1,1,1
209310,2,2,50416,1,1,3
209313,2,2,50416,1,1,2
209317,2,2,50516,2,2,3
209326,2,2,50416,1,1,3
209328,2,2,50416,1,1,3
209331,2,2,50416,1,1,2
209337,2,2,50416,1,1,2
209339,2,2,50416,1,1,3
209346,2,2,50416,1,1,3
209357,2,2,50716,1,1,2
209369,2,2,50416,1,1,3
209382,2,2,50416,1,1,2
209383,2,2,50416,1,1,3
209384,2,2,50416,1,1,2
209391,2,2,50416,1,1,3
209398,2,2,50416,1,1,3
209435,2,2,50416,1,1,3
209436,2,2,50416,1,1,3
209438,2,2,50416,1,1,3
209443,2,2,50416,1,1,2
209446,2,2,50416,1,1,3
209449,2,2,50416,1,1,3
209450,2,2,50416,1,1,3
209462,2,2,50416,1,1,4
209467,2,2,50416,1,1,4
209468,2,2,50416,1,1,4
209475,2,2,50416,1,1,4
209477,2,2,50416,1,1,4
209479,2,2,50416,1,1,4
209501,2,2,50416,1,1,4
209503,2,2,50416,1,1,4
209518,2,2,50516,1,1,4
209527,2,2,50516,1,1,4
209529,2,2,50516,2,2,3
209531,2,2,50516,1,1,2
209536,2,2,50616,1,1,1
209537,2,2,50516,1,1,3
209540,2,2,50516,1,1,1
209542,2,2,50616,2,2,3
209553,2,2,50516,2,2,3
209562,2,2,50516,1,1,4
209570,2,2,50516,1,1,1
209571,2,2,50516,1,1,3
209573,2,2,50516,1,1,4
209576,2,2,50516,1,1,2
209585,2,2,50516,1,1,2
209588,2,2,50516,2,2,4
209590,2,2,50816,1,1,3
209596,2,2,50516,1,1,4
209600,2,2,50616,1,1,3
209602,2,2,50616,1,1,1
209604,2,2,50616,1,1,2
209610,2,2,50816,1,1,3
209615,2,2,50616,1,1,2
209618,2,2,50616,1,1,2
209624,2,2,50616,1,1,1
209637,2,2,50616,1,1,3
209638,2,2,50616,1,1,3
209639,2,2,50616,1,1,3
209641,2,2,50616,1,1,4
209642,2,2,50616,1,1,1
209645,2,2,50616,2,2,4
209661,2,2,50616,1,1,2
209663,2,2,50616,1,1,2
209675,2,2,50616,1,1,4
209677,2,2,50616,1,1,4
209681,2,2,50616,1,1,4
209682,2,2,50616,1,1,4
209688,2,2,50716,1,1,2
209691,2,2,50716,1,1,1
209692,2,2,50716,1,1,3
209698,2,2,50716,1,1,3
209701,2,2,50716,1,1,4
209702,2,2,50716,1,1,3
209707,2,2,50716,1,1,1
209712,2,2,50716,1,1,4
209713,2,2,50716,1,1,4
209715,2,2,50716,1,1,4
209719,2,2,50716,1,1,4
209722,2,2,50716,1,1,3
209733,2,2,50816,1,1,3
209738,2,2,50816,1,1,3
209740,2,2,50816,1,1,3
209745,2,2,50816,1,1,1
209746,2,2,50816,2,2,3
209747,2,2,50816,1,1,3
209748,2,2,50816,1,1,2
209751,2,2,50816,1,1,4
209767,2,2,50816,2,2,3
209773,2,2,50816,2,2,3
209777,2,2,50816,2,2,4
300003,1,3,30816,1,1,3
300005,1,3,30316,1,1,2
300007,1,3,22916,1,1,3
300012,1,3,22916,1,1,3
300013,1,3,22916,1,1,3
300015,1,3,31116,1,1,3
300017,1,3,30316,1,1,2
300018,1,3,22916,1,1,2
300019,1,3,22916,1,1,3
300020,1,3,22916,1,1,3
300021,1,3,22916,1,1,3
300022,1,3,50616,1,1,4
300029,1,3,30416,1,1,3
300033,1,3,31216,1,1,3
300036,1,3,30216,1,1,3
300037,1,3,22916,1,1,1
300038,1,3,22916,1,1,3
300040,1,3,30616,1,1,1
300041,1,3,30416,1,1,2
300047,1,3,22916,1,1,4
300050,1,3,22916,1,1,1
300051,1,3,22916,1,1,3
300052,1,3,22916,1,1,3
300053,1,3,30816,1,1,4
300055,1,3,30416,1,1,2
300056,1,3,30216,1,1,3
300057,1,3,22916,1,1,3
300062,1,3,22916,1,1,3
300063,1,3,30216,1,1,3
300064,1,3,30216,1,1,3
300065,1,3,30816,1,1,2
300066,1,3,30216,1,1,1
300069,1,3,30216,1,1,1
300071,1,3,30316,1,1,2
300072,1,3,50516,1,1,2
300073,1,3,50716,1,1,1
300074,1,3,31116,1,1,1
300075,1,3,50516,1,1,3
300077,1,3,30216,1,1,3
300078,1,3,30216,1,1,3
300080,1,3,30216,1,1,3
300081,1,3,30216,1,1,3
300085,1,3,30316,1,1,3
300086,1,3,30416,1,1,1
300089,1,3,30316,1,1,3
300090,1,3,30916,1,1,3
300091,1,3,30316,1,1,3
300094,1,3,30416,1,1,3
300095,1,3,30316,1,1,3
300098,1,3,30316,1,1,3
300099,1,3,30316,1,1,4
300101,1,3,30416,1,1,1
300102,1,3,30516,1,1,3
300103,1,3,31016,1,1,2
300111,1,3,30416,1,1,1
300112,1,3,30516,1,1,3
300115,1,3,30916,1,1,2
300117,1,3,30516,1,1,2
300119,1,3,30616,1,1,2
300120,1,3,30516,1,1,2
300121,1,3,30516,1,1,4
300125,1,3,30516,1,1,3
300127,1,3,30616,1,1,2
300129,1,3,30616,1,1,3
300133,1,3,30816,1,1,3
300134,1,3,30816,1,1,3
300135,1,3,30816,1,1,3
300138,1,3,31016,1,1,3
300139,1,3,31016,1,1,3
300142,1,3,31016,1,1,3
300143,1,3,31016,1,1,2
300145,1,3,31616,1,1,3
300146,1,3,31016,1,1,4
300147,1,3,31016,1,1,3
300148,1,3,31916,1,1,2
300149,1,3,50616,1,1,3
300150,1,3,31316,1,1,1
300153,1,3,32016,1,1,3
300155,1,3,31316,1,1,1
300158,1,3,31116,1,1,3
300159,1,3,31316,1,1,1
300161,1,3,31116,1,1,1
300163,1,3,31116,1,1,3
300165,1,3,31316,1,1,2
300167,1,3,31116,1,1,1
300170,1,3,31116,1,1,2
300175,1,3,31116,1,1,3
300180,1,3,31616,1,1,1
300181,1,3,31216,1,1,1
300182,1,3,31216,1,1,2
300183,1,3,31216,1,1,2
300185,1,3,32016,1,1,3
300187,1,3,31216,1,1,3
300191,1,3,31216,1,1,1
300195,1,3,31216,1,1,4
300196,1,3,31216,1,1,4
300197,1,3,31216,1,1,3
300200,1,3,31216,1,1,3
300202,1,3,31216,1,1,2
300203,1,3,31216,1,1,3
300207,1,3,31316,1,1,4
300209,1,3,31316,1,1,3
300210,1,3,31316,1,1,2
300216,1,3,31316,1,1,3
300218,1,3,31316,1,1,2
300223,1,3,31316,1,1,1
300224,1,3,31316,1,1,3
300228,1,3,31316,1,1,3
300231,1,3,31316,1,1,3
300233,1,3,31616,1,1,3
300234,1,3,31616,1,1,1
300236,1,3,50516,1,1,1
300238,1,3,31616,1,1,3
300239,1,3,31616,1,1,3
300241,1,3,31916,1,1,3
300244,1,3,31916,1,1,3
300245,1,3,33116,1,1,3
300248,1,3,31916,1,1,3
300249,1,3,32016,1,1,3
300256,1,3,50616,1,1,3
300257,1,3,32016,1,1,2
300260,1,3,31916,1,1,3
300262,1,3,32016,1,1,1
300266,1,3,32016,1,1,3
300271,1,3,32016,1,1,2
300272,1,3,50616,1,1,2
300278,1,3,40316,1,1,3
300282,1,3,40316,1,1,3
300283,1,3,40316,1,1,3
300284,1,3,40316,1,1,3
300286,1,3,42316,1,1,1
300289,1,3,50516,1,1,2
300290,1,3,42316,1,1,3
300294,1,3,50516,1,1,3
300295,1,3,50516,1,1,3
300296,1,3,42316,1,1,3
300297,1,3,50516,1,1,3
300304,1,3,42316,1,1,2
300305,1,3,50616,1,1,3
300306,1,3,42316,1,1,3
300307,1,3,50616,1,1,3
300308,1,3,42316,1,1,3
300309,1,3,50516,1,1,3
300310,1,3,50516,1,1,3
300313,1,3,50516,1,1,3
300314,1,3,50516,1,1,3
300320,1,3,50516,1,1,3
300325,1,3,50516,1,1,3
300327,1,3,50516,1,1,4
300331,1,3,50616,1,1,3
300335,1,3,50516,1,1,3
300341,1,3,50616,1,1,4
300344,1,3,50616,1,1,3
300348,1,3,50616,1,1,3
300358,1,3,50616,1,1,1
400001,2,4,50416,1,1,3
400004,2,4,22916,1,1,3
400009,2,4,22916,1,1,2
400010,2,4,22916,1,1,3
400011,2,4,22916,1,1,3
400012,2,4,22916,1,1,1
400014,2,4,31516,1,1,2
400016,2,4,30516,1,1,3
400020,2,4,22916,1,1,3
400025,2,4,30216,1,1,3
400026,2,4,22916,1,1,4
400027,2,4,30816,1,1,4
400029,2,4,22916,1,1,3
400030,2,4,22916,1,1,3
400032,2,4,22916,1,1,4
400034,2,4,22916,1,1,4
400035,2,4,40216,1,1,3
400036,2,4,22916,1,1,3
400039,2,4,30216,1,1,3
400042,2,4,30216,1,1,1
400043,2,4,30216,1,1,2
400044,2,4,30216,1,1,3
400045,2,4,30216,1,1,3
400046,2,4,30216,1,1,2
400047,2,4,30216,1,1,3
400053,2,4,31516,1,1,3
400054,2,4,50716,1,1,1
400059,2,4,30216,1,1,4
400060,2,4,30216,1,1,4
400062,2,4,30316,1,1,2
400065,2,4,30316,1,1,3
400068,2,4,30316,1,1,3
400073,2,4,30316,1,1,3
400076,2,4,30316,1,1,1
400077,2,4,30316,1,1,3
400079,2,4,30416,1,1,3
400081,2,4,30416,1,1,2
400083,2,4,30416,1,1,1
400084,2,4,31016,1,1,3
400086,2,4,30416,1,1,1
400088,2,4,30416,1,1,3
400089,2,4,30416,1,1,3
400090,2,4,30516,1,1,3
400091,2,4,50516,1,1,3
400093,2,4,50516,1,1,3
400096,2,4,30616,1,1,3
400098,2,4,30616,1,1,4
400100,2,4,30616,1,1,3
400101,2,4,30616,1,1,3
400102,2,4,30816,1,1,3
400104,2,4,32716,1,1,1
400107,2,4,30816,1,1,3
400108,2,4,30816,1,1,2
400112,2,4,30816,1,1,3
400113,2,4,30816,1,1,3
400114,2,4,30816,1,1,4
400116,2,4,30916,1,1,1
400117,2,4,30916,1,1,1
400121,2,4,30916,1,1,3
400124,2,4,31416,1,1,3
400130,2,4,31416,1,1,3
400131,2,4,30916,1,1,1
400132,2,4,30916,1,1,3
400133,2,4,30916,1,1,3
400134,2,4,30916,1,1,1
400135,2,4,30916,1,1,3
400138,2,4,30916,1,1,2
400140,2,4,40216,1,1,2
400141,2,4,31216,1,1,3
400143,2,4,31016,1,1,3
400144,2,4,31916,1,1,1
400145,2,4,31116,1,1,3
400147,2,4,31016,1,1,1
400148,2,4,31016,1,1,3
400150,2,4,31016,1,1,1
400151,2,4,31016,1,1,1
400153,2,4,31016,1,1,3
400155,2,4,31016,1,1,3
400156,2,4,31016,1,1,2
400159,2,4,31116,1,1,2
400161,2,4,31116,1,1,2
400163,2,4,31316,1,1,3
400164,2,4,31116,1,1,3
400165,2,4,31116,1,1,2
400167,2,4,31216,1,1,1
400169,2,4,32716,1,1,4
400174,2,4,31216,1,1,3
400175,2,4,31116,1,1,3
400176,2,4,31716,1,1,2
400177,2,4,31116,1,1,3
400178,2,4,31216,1,1,2
400179,2,4,31716,1,1,3
400180,2,4,31216,1,1,2
400181,2,4,31216,1,1,3
400182,2,4,31216,1,1,2
400184,2,4,32716,1,1,3
400185,2,4,31216,1,1,3
400186,2,4,31316,1,1,3
400187,2,4,31316,1,1,3
400191,2,4,31316,1,1,2
400192,2,4,31316,1,1,3
400193,2,4,31316,1,1,3
400196,2,4,41016,1,1,3
400197,2,4,41016,1,1,3
400198,2,4,31416,1,1,3
400199,2,4,31416,1,1,3
400200,2,4,31416,1,1,3
400201,2,4,31416,1,1,3
400202,2,4,31416,1,1,1
400205,2,4,31416,1,1,3
400206,2,4,31516,1,1,3
400207,2,4,31516,1,1,3
400208,2,4,31516,1,1,3
400211,2,4,31516,1,1,2
400212,2,4,41016,1,1,1
400213,2,4,50516,1,1,3
400214,2,4,31516,1,1,3
400216,2,4,31516,1,1,3
400217,2,4,31516,1,1,2
400219,2,4,31716,1,1,3
400220,2,4,31716,1,1,3
400221,2,4,31716,1,1,2
400222,2,4,31716,1,1,1
400223,2,4,42316,1,1,2
400224,2,4,31716,1,1,2
400225,2,4,50716,1,1,3
400229,2,4,50516,1,1,4
400231,2,4,31716,1,1,4
400234,2,4,31816,1,1,3
400237,2,4,32016,1,1,3
400238,2,4,40216,1,1,3
400240,2,4,31816,1,1,3
400242,2,4,31816,1,1,3
400243,2,4,31816,1,1,1
400244,2,4,40216,1,1,2
400248,2,4,31816,1,1,1
400250,2,4,40216,1,1,3
400253,2,4,31816,1,1,3
400260,2,4,40216,1,1,3
400263,2,4,31816,1,1,2
400266,2,4,40316,1,1,3
400271,2,4,40216,1,1,3
400276,2,4,31916,1,1,1
400279,2,4,31916,1,1,1
400280,2,4,31916,1,1,3
400281,2,4,40216,1,1,3
400283,2,4,50516,1,1,1
400284,2,4,31916,1,1,3
400285,2,4,31916,1,1,2
400287,2,4,31916,1,1,3
400288,2,4,31916,1,1,1
400290,2,4,32016,1,1,1
400292,2,4,40316,1,1,3
400293,2,4,32016,1,1,3
400294,2,4,32016,1,1,2
400295,2,4,32016,1,1,3
400297,2,4,32016,1,1,3
400298,2,4,40916,1,1,3
400300,2,4,32016,1,1,3
400302,2,4,32716,1,1,3
400303,2,4,32716,1,1,3
400304,2,4,32716,1,1,3
400305,2,4,32716,1,1,4
400307,2,4,32716,1,1,3
400308,2,4,32716,1,1,3
400309,2,4,32716,1,1,1
400311,2,4,33116,1,1,3
400312,2,4,33116,1,1,3
400313,2,4,33116,1,1,3
400315,2,4,40216,1,1,1
400319,2,4,40216,1,1,1
400325,2,4,40216,1,1,1
400326,2,4,40216,1,1,3
400328,2,4,40916,1,1,3
400330,2,4,40316,1,1,3
400331,2,4,40216,1,1,3
400332,2,4,40216,1,1,3
400334,2,4,40216,1,1,1
400336,2,4,40216,1,1,3
400340,2,4,40216,1,1,3
400343,2,4,50516,1,1,3
400349,2,4,40316,1,1,1
400351,2,4,40316,1,1,3
400354,2,4,40316,1,1,2
400360,2,4,40316,1,1,3
400362,2,4,40916,1,1,3
400363,2,4,40916,1,1,3
400365,2,4,50516,1,1,3
400366,2,4,40916,1,1,3
400367,2,4,43016,1,1,1
400368,2,4,40916,1,1,1
400369,2,4,40916,1,1,3
400373,2,4,41016,1,1,3
400374,2,4,41016,1,1,3
400377,2,4,41016,1,1,3
400383,2,4,41016,1,1,2
400388,2,4,41016,1,1,3
400390,2,4,50716,1,1,3
400393,2,4,50516,1,1,3
400394,2,4,50516,1,1,3
400396,2,4,41716,1,1,4
400398,2,4,41716,1,1,3
400400,2,4,41716,1,1,3
400401,2,4,50416,1,1,4
400402,2,4,41716,1,1,3
400405,2,4,42316,1,1,1
400406,2,4,41716,1,1,3
400407,2,4,41716,1,1,3
400409,2,4,41716,1,1,3
400413,2,4,41716,1,1,3
400415,2,4,41716,1,1,3
400420,2,4,41716,1,1,3
400421,2,4,41716,1,1,3
400423,2,4,41716,1,1,3
400424,2,4,50116,1,1,3
400425,2,4,41716,1,1,2
400426,2,4,42316,1,1,3
400427,2,4,43016,1,1,2
400428,2,4,50516,1,1,2
400429,2,4,41716,1,1,1
400432,2,4,42316,1,1,1
400433,2,4,42316,1,1,2
400435,2,4,43016,1,1,3
400436,2,4,41716,1,1,3
400437,2,4,50316,1,1,3
400441,2,4,50316,1,1,1
400442,2,4,42316,1,1,3
400443,2,4,42316,1,1,1
400445,2,4,42316,1,1,3
400446,2,4,42316,1,1,1
400448,2,4,42316,1,1,1
400449,2,4,50116,1,1,1
400451,2,4,42316,1,1,2
400453,2,4,42916,1,1,2
400455,2,4,50416,1,1,3
400457,2,4,50316,1,1,3
400461,2,4,42316,1,1,3
400465,2,4,42316,1,1,3
400466,2,4,42316,1,1,1
400467,2,4,42316,1,1,3
400468,2,4,42316,1,1,3
400471,2,4,42316,1,1,3
400474,2,4,42316,1,1,1
400475,2,4,42316,1,1,3
400478,2,4,50316,1,1,3
400480,2,4,42316,1,1,2
400481,2,4,42316,1,1,3
400486,2,4,50116,1,1,1
400488,2,4,50516,1,1,3
400489,2,4,42316,1,1,3
400491,2,4,42316,1,1,2
400492,2,4,43016,1,1,3
400493,2,4,42316,1,1,2
400494,2,4,42916,1,1,2
400495,2,4,42316,1,1,3
400501,2,4,42316,1,1,3
400503,2,4,42316,1,1,3
400506,2,4,42316,1,1,3
400507,2,4,42316,1,1,3
400509,2,4,42316,1,1,1
400519,2,4,42316,1,1,4
400520,2,4,42316,1,1,3
400521,2,4,42316,1,1,3
400534,2,4,42916,1,1,3
400535,2,4,42916,1,1,3
400537,2,4,42916,1,1,2
400538,2,4,50116,1,1,3
400540,2,4,42916,1,1,2
400541,2,4,42916,1,1,3
400542,2,4,42916,1,1,2
400543,2,4,43016,1,1,3
400544,2,4,50116,1,1,2
400545,2,4,42916,1,1,3
400546,2,4,42916,1,1,3
400549,2,4,43016,1,1,3
400550,2,4,42916,1,1,3
400551,2,4,42916,1,1,3
400552,2,4,42916,1,1,3
400553,2,4,42916,1,1,2
400555,2,4,42916,1,1,1
400557,2,4,42916,1,1,3
400558,2,4,42916,1,1,2
400559,2,4,42916,1,1,2
400561,2,4,42916,1,1,3
400562,2,4,42916,1,1,3
400565,2,4,42916,1,1,3
400566,2,4,42916,1,1,3
400571,2,4,42916,1,1,3
400572,2,4,50316,1,1,3
400573,2,4,43016,1,1,3
400575,2,4,43016,1,1,2
400577,2,4,42916,1,1,1
400578,2,4,42916,1,1,3
400579,2,4,42916,1,1,2
400580,2,4,42916,1,1,3
400583,2,4,42916,1,1,4
400584,2,4,42916,1,1,1
400585,2,4,42916,1,1,3
400586,2,4,43016,1,1,3
400587,2,4,42916,1,1,2
400588,2,4,42916,1,1,2
400591,2,4,43016,1,1,4
400592,2,4,42916,1,1,4
400593,2,4,42916,1,1,4
400595,2,4,43016,1,1,3
400596,2,4,50516,1,1,3
400598,2,4,43016,1,1,3
400600,2,4,43016,1,1,2
400604,2,4,43016,1,1,1
400607,2,4,43016,1,1,2
400610,2,4,43016,1,1,3
400612,2,4,43016,1,1,3
400615,2,4,43016,1,1,1
400616,2,4,43016,1,1,3
400624,2,4,43016,1,1,3
400625,2,4,50316,1,1,3
400627,2,4,50316,1,1,3
400631,2,4,50116,1,1,3
400633,2,4,50116,1,1,3
400634,2,4,50116,1,1,2
400635,2,4,50116,1,1,3
400637,2,4,50316,1,1,2
400639,2,4,50116,1,1,4
400640,2,4,50116,1,1,2
400641,2,4,50116,1,1,3
400643,2,4,50516,1,1,3
400644,2,4,50116,1,1,2
400645,2,4,50116,1,1,2
400646,2,4,50116,1,1,3
400647,2,4,50116,1,1,2
400649,2,4,50116,1,1,1
400650,2,4,50116,1,1,4
400652,2,4,50316,1,1,3
400654,2,4,50316,1,1,3
400655,2,4,50316,1,1,2
400656,2,4,50316,1,1,3
400658,2,4,50316,1,1,3
400661,2,4,50316,1,1,3
400663,2,4,50316,1,1,3
400664,2,4,50316,1,1,4
400667,2,4,50416,1,1,1
400673,2,4,50516,1,1,1
400674,2,4,50516,1,1,3
400676,2,4,50516,1,1,2
400678,2,4,50516,1,1,3
400679,2,4,50516,1,1,3
400689,2,4,50516,1,1,3
400690,2,4,50516,1,1,3
400692,2,4,50516,1,1,3
400696,2,4,50516,1,1,4
400701,2,4,50516,1,1,1
400705,2,4,50716,1,1,4
